month_num,month_2026,month_2025,is_partial_month,driver_count_2025,driver_count_2026,eph_2025,eph_2026,eph_yoy_pct,pph_2025,pph_2026,pph_yoy_pct,avg_hours_2025,avg_hours_2026,hours_yoy_pct,avg_income_2025,avg_income_2026,income_yoy_pct,avg_stp_2025,avg_stp_2026,stp_yoy_pct,total_hours_2025,total_hours_2026,total_hours_yoy_pct,ar_2025,ar_2026,cr_poc_2025,cr_poc_2026,rating_2025,rating_2026
1,2026-01-01T00:00:00+07:00,2025-01-01T00:00:00+07:00,False,7108,12910,51790.968789466766,47423.969275007796,-0.08431971087876482,1.488761017353306,1.495469628150031,0.004506170378273062,6.6238176840611915,6.082247187434973,-0.08176108136692721,342899.09432811046,288406.4530224925,-0.1589174255837359,9.856830572075905,9.09462235344588,-0.0773279212883437,748100.5930555552,1204947.908055556,0.6106763171167203,0.43792949056243613,0.8309079304292325,1.8546304700064657,2.083090046961546,4.979344395154411,4.980715098994244
2,2026-02-01T00:00:00+07:00,2025-02-01T00:00:00+07:00,False,7313,10879,42309.09481999106,61333.13256221277,0.44964416807217633,1.4137710332088698,1.647822583721488,0.16555124204333554,6.104551052453385,6.369280017492378,0.04336583685914141,258170.8650579687,390577.17977594136,0.5128631175645735,8.626856523174123,10.493543548720778,0.21638090543551033,647088.5161111112,738753.681388889,0.1416578458673157,0.6231062524889683,0.664346967148674,1.7246811062523875,1.528761579489099,4.9855427487185295,4.978042785845058
3,2026-03-01T00:00:00+07:00,2025-03-01T00:00:00+07:00,False,7648,10626,38758.834037113855,48379.0913748026,0.2482081202049779,1.2926884536023735,1.5332798002437145,0.1861170384642006,6.193734968553774,5.9367097498460835,-0.041497613316138646,240056.5199333727,287167.8762479668,0.1962511008976959,8.006388717284192,9.10121896500149,0.13674457815841212,822100.6361111113,952479.7755555554,0.15859267554054376,0.7215421699149053,0.6672469391128542,2.0643036793227654,2.189762235171198,4.9857866959293515,4.981398048940547
4,2026-04-01T00:00:00+07:00,2025-04-01T00:00:00+07:00,False,7593,9725,39650.16756391566,46844.88626369631,0.1814549380701314,1.3055562148039752,1.5438937349165112,0.18255630620112479,6.190297136121851,6.007601324740822,-0.029513253946237168,245438.57556518388,281389.3733482386,0.14647574327005838,8.081525939713242,9.273910670610508,0.14754450332675373,784867.7738888889,891516.0213888889,0.13588052796660993,0.6657117817323741,0.711805089912106,2.0506725216055885,2.1906226337844403,4.982594749362238,4.980234966940038
5,2026-05-01T00:00:00+07:00,2025-05-01T00:00:00+07:00,False,7994,9303,41217.480829928165,49165.28839938178,0.19282613613015098,1.3616110463916482,1.635734911999404,0.20132317987152107,6.152152242485398,5.915779942389732,-0.03842107457343647,253542.52127143688,290800.7408320846,0.1469505760761917,8.375725317072444,9.67497475760384,0.15512082731308108,833247.4997222226,855262.0536111109,0.02642018595462604,0.5814583299464052,0.6012786296491741,1.7230589636901763,2.414958411566421,4.983002920248427,4.979710465856561
6,2026-06-01T00:00:00+07:00,2025-06-01T00:00:00+07:00,False,8266,8680,41664.43258152071,48150.81615631065,0.15568155313524706,1.349694488275026,1.5532465890222635,0.15081346372495522,6.100256455313964,6.0205816194821855,-0.013060899392577758,254135.61747629146,289874.6195947686,0.14062964677436954,8.232572026775982,9.350760798489423,0.1358249606655848,827371.6827777779,819383.0966666669,-0.009655377718863292,0.7906810109658889,0.5759692351234543,2.0436299845626418,2.4774014961697235,4.982501269250296,4.982864817301904
7,2026-07-01T00:00:00+07:00,2025-07-01T00:00:00+07:00,False,8654,8267,39495.79924754871,44630.841990453446,0.1300149089456251,1.297416011231679,1.4808084433921311,0.14135206485262328,6.142552005935212,6.108427144322176,-0.005555485990197954,242547.9181319217,272607.9876011168,0.12393455982106374,7.967570183930302,9.044871030266888,0.13521071311168129,913501.9066666665,819335.5497222223,-0.10308282473985596,0.7914958370971421,0.6170229403560518,1.706119067436125,2.5793171806315516,4.981683612440191,4.984370160348813
8,2026-08-01T00:00:00+07:00,2025-08-01T00:00:00+07:00,False,8865,7800,43430.64084878605,46951.870555561254,0.08107708378136042,1.4358913970323979,1.5552940857092734,0.08315579362314507,6.075326120048088,6.08237663276937,0.0011605159265468483,263846.5119339586,285560.9468517393,0.08229949586453453,8.723217737957148,9.45928770233938,0.08438055617703846,911304.9933333333,771373.0869444447,-0.1535511243903663,0.7956967017097788,0.6530109469554146,1.8864070641221533,2.5448016590308673,4.981260797863986,4.985653042334486
9,2026-09-01T00:00:00+07:00,2025-09-01T00:00:00+07:00,True,9237,7077,48220.08550456334,55089.9938815495,0.14246985058406864,1.542492749192203,1.6236519765046182,0.05261562970387904,5.970404318945019,6.030932671932031,0.010138065992439726,287861.65497441386,332149.94070772396,0.15385267529725902,9.208289676850116,9.789362273038961,0.06310320554420401,866042.9688888891,404452.4377777778,-0.5329880244895009,0.8115527516415985,0.6347088210030406,2.0086934287044516,1.4161449575166094,4.980617682763729,4.985190686295924
