,Input,2026-06-01,Jun,,,,,,,,,,,,,,,,,,,,,,,,,,,,,,,,,,,,,,,,,,,,,,,,,,,,,,,,,,,,,,,,,,,,,,,,,,,,,,,,,,,,,,,,,,,,
,This month,2026-06-01,,,25,25,25,25,24,24,24,24,24,24,24,23,23,23,23,23,23,23,22,22,22,22,22,22,22,21,21,21,21,21,21,21,20,20,20,20,20,20,20,19,19,19,19,19,19,19,18,18,18,18,18,18,18,17,17,17,17,17,17,17,16,16,16,16,16,16,16,15,15,15,15,15,15,15,14,14,14,14,14,14,14,13,13,13,13,13,13,13,12,12,12
,Last month,2026-05-01,,,Jun,Jun,Jun,Jun,Jun,Jun,Jun,Jun,Jun,Jun,Jun,Jun,Jun,Jun,Jun,Jun,Jun,May,May,May,May,May,May,May,May,May,May,May,May,May,May,May,May,May,May,May,May,May,May,May,May,May,May,May,May,May,May,May,Apr,Apr,Apr,Apr,Apr,Apr,Apr,Apr,Apr,Apr,Apr,Apr,Apr,Apr,Apr,Apr,Apr,Apr,Apr,Apr,Apr,Apr,Apr,Apr,Apr,Apr,Apr,Apr,Apr,Apr,Mar,Mar,Mar,Mar,Mar,Mar,Mar,Mar,Mar,Mar,Mar,Mar,Mar
,City view,SGN,,,Wed,Tue,Mon,Sun,Sat,Fri,Thu,Wed,Tue,Mon,Sun,Sat,Fri,Thu,Wed,Tue,Mon,Sun,Sat,Fri,Thu,Wed,Tue,Mon,Sun,Sat,Fri,Thu,Wed,Tue,Mon,Sun,Sat,Fri,Thu,Wed,Tue,Mon,Sun,Sat,Fri,Thu,Wed,Tue,Mon,Sun,Sat,Fri,Thu,Wed,Tue,Mon,Sun,Sat,Fri,Thu,Wed,Tue,Mon,Sun,Sat,Fri,Thu,Wed,Tue,Mon,Sun,Sat,Fri,Thu,Wed,Tue,Mon,Sun,Sat,Fri,Thu,Wed,Tue,Mon,Sun,Sat,Fri,Thu,Wed,Tue,Mon,Sun,Sat,Fri,Thu
,FC,LM,MTD,MoM,17-Jun,16-Jun,15-Jun,14-Jun,13-Jun,12-Jun,11-Jun,10-Jun,9-Jun,8-Jun,7-Jun,6-Jun,5-Jun,4-Jun,3-Jun,2-Jun,1-Jun,31-May,30-May,29-May,28-May,27-May,26-May,25-May,24-May,23-May,22-May,21-May,20-May,19-May,18-May,17-May,16-May,15-May,14-May,13-May,12-May,11-May,10-May,9-May,8-May,7-May,6-May,5-May,4-May,3-May,2-May,1-May,30-Apr,29-Apr,28-Apr,27-Apr,26-Apr,25-Apr,24-Apr,23-Apr,22-Apr,21-Apr,20-Apr,19-Apr,18-Apr,17-Apr,16-Apr,15-Apr,14-Apr,13-Apr,12-Apr,11-Apr,10-Apr,9-Apr,8-Apr,7-Apr,6-Apr,5-Apr,4-Apr,3-Apr,2-Apr,1-Apr,31-Mar,30-Mar,29-Mar,28-Mar,27-Mar,26-Mar,25-Mar,24-Mar,23-Mar,22-Mar,21-Mar,20-Mar,19-Mar
,Request,"2,330,957","2,316,728",99.39%,"75,708","77,392","92,842","56,828","69,377","86,352","74,362","75,552","74,264","85,868","63,214","88,448","85,095","76,459","76,427","78,679","90,178","64,760","77,590","87,700","81,403","78,594","80,585","95,175","59,074","73,583","80,715","76,502","79,853","76,823","82,207","57,791","79,526","94,693","79,120","79,662","80,300","84,959","57,991","75,193","85,612","80,608","80,942","98,666","85,340","33,293","37,620","45,080","49,270","59,370","58,424","48,239","51,815","67,852","80,563","69,480","69,120","67,372","75,796","54,365","63,945","74,249","63,558","78,473","68,958","70,191","54,678","65,112","74,428","66,013","66,655","67,098","80,354","56,807","78,781","77,572","67,051","68,097","83,559","88,519","70,944","69,671","85,630","79,386","81,857","80,778","84,116","62,957","72,295","86,699","75,585"
,SME+MP+KA,"2,152,378","2,086,819",96.95%,"67,722","69,263","85,052","50,352","61,442","78,404","66,928","68,050","66,637","78,598","57,230","81,063","77,709","69,601","69,510","71,647","83,479","59,300","70,819","80,934","75,166","72,298","74,172","88,958","54,082","67,409","74,532","70,830","74,102","70,929","76,529","53,061","73,773","88,891","73,783","74,198","74,643","79,579","53,194","69,507","79,818","75,221","75,370","92,844","79,741","28,155","31,617","38,926","43,489","53,375","52,156","42,179","46,329","61,385","73,957","63,264","62,716","60,731","69,405","48,820","57,250","67,474","57,236","72,030","62,345","63,896","49,448","58,648","67,945","60,042","60,616","60,939","74,554","52,072","72,872","71,665","61,669","62,653","72,741","78,529","62,395","58,164","74,656","69,860","72,365","70,921","75,125","55,393","61,859","76,830","67,198"
D,GHN,"9,048","26,694",295.03%,"1,093",974,687,490,898,701,537,598,496,231,213,494,327,194,287,217,16,109,309,169,62,179,131,82,106,274,148,54,182,145,58,179,322,209,130,275,256,74,391,502,415,364,537,548,395,751,877,815,784,974,997,851,"1,090","1,329","1,254","1,205","1,370","1,360","1,175","1,155","1,557","1,426","1,317","1,418","1,343","1,091",845,"1,339","1,145",975,"1,019",891,592,319,766,545,354,384,"1,519",777,"1,182","1,869","1,599","1,370","1,555","1,336",617,848,"1,686","1,367","1,062"
E,KA,"561,589","628,597",111.93%,"20,010","19,672","23,102","20,125","20,095","21,981","21,284","21,679","21,329","23,888","20,208","25,715","21,613","20,964","20,338","21,527","24,335","16,189","16,505","19,380","18,814","18,370","18,955","22,562","16,078","16,444","16,719","16,622","16,962","16,695","17,008","15,806","18,638","23,219","20,425","20,828","20,480","20,864","18,142","18,279","20,732","20,070","20,500","26,241","20,605","9,120","10,042","10,298","11,984","18,397","20,158","16,485","17,218","21,696","24,758","23,006","22,504","20,152","20,567","16,991","19,598","20,453","19,769","24,196","19,797","20,153","16,490","19,080","21,882","19,176","19,548","19,173","23,441","16,147","25,917","19,372","20,589","21,080","18,570","18,840","15,204","17,942","18,370","17,512","17,778","17,724","17,994","14,785","17,174","19,892","16,927"
F,MP,"425,251","342,040",80.43%,"11,671","12,998","16,677","6,210","9,360","12,698","11,707","12,300","10,638","11,080","12,087","22,050","10,790","10,145","10,546","10,870","12,288","9,020","13,619","16,793","13,514","14,354","15,127","22,094","9,370","12,877","14,415","14,324","17,300","13,941","15,054","8,550","16,956","22,193","13,392","13,438","13,759","14,098","9,044","12,844","14,640","14,916","14,644","24,190","14,170","4,524","5,456","6,635","4,532","4,686","4,796","4,944","3,352","4,436","5,567","3,619","3,765","3,884","4,867","2,835","3,480","4,687","5,328","6,376","4,076","4,761","3,719","3,915","5,323","3,835","4,250","4,632","7,034","4,282","9,255","5,520","4,480","4,953","9,854","11,661","8,560","8,777","13,642","13,809","14,258","11,350","11,672","8,017","8,718","12,270","9,570"
G,SME,"1,165,538","1,116,183",95.77%,"36,041","36,593","45,273","24,017","31,987","43,724","33,937","34,071","34,670","43,631","24,935","33,298","45,306","38,491","38,627","39,250","46,857","34,091","40,695","44,761","42,839","39,575","40,090","44,301","28,634","38,088","43,398","39,884","39,840","40,292","44,467","28,705","38,179","43,478","39,966","39,932","40,404","44,617","26,008","38,383","44,446","40,235","40,226","42,414","44,966","14,511","16,119","21,994","26,973","30,292","27,202","20,750","25,759","35,253","43,632","36,639","36,447","36,695","43,971","28,994","34,172","42,334","32,139","41,458","38,472","38,982","29,239","35,653","40,740","37,031","36,818","37,134","44,079","31,643","37,700","46,773","36,600","36,620","44,318","48,028","38,632","31,445","42,643","38,539","40,329","41,847","45,459","32,591","35,968","44,668","40,700"
H,TRUCK,"25,649","40,589",158.25%,"1,379","1,380","1,359","1,191","1,457","1,421","1,371","1,394","1,394","1,370","1,176","1,461","1,419","1,360","1,374","1,363","1,326","1,071","1,385","1,325","1,247","1,241","1,208","1,150",849,"1,168","1,088",992,970,924,855,597,860,779,687,671,636,582,458,627,571,506,519,515,492,497,602,577,541,582,603,602,630,745,731,702,746,765,759,706,880,851,804,828,825,797,655,871,820,751,756,735,692,540,744,685,613,616,"5,716","5,745","4,523","5,835","5,717","5,186","4,986","5,113","5,091","3,987","5,131","5,017","4,510"
I,WH,"143,882","162,626",113.03%,"5,514","5,775","5,744","4,795","5,580","5,826","5,526","5,510","5,737","5,669","4,595","5,430","5,640","5,304","5,256","5,452","5,357","4,280","5,077","5,272","4,928","4,876","5,074","4,985","4,037","4,732","4,947","4,626","4,599","4,825","4,765","3,954","4,571","4,814","4,520","4,518","4,765","4,724","3,948","4,557","4,808","4,517","4,516","4,759","4,712","3,890","4,524","4,762","4,456","4,439","4,668","4,607","3,766","4,393","4,621","4,309","4,288","4,516","4,457","3,684","4,258","4,498","4,201","4,197","4,445","4,407","3,730","4,254","4,518","4,245","4,264","4,533","4,516","3,876","4,399","4,677","4,415","4,444","3,583","3,468","2,844","3,803","3,658","2,970","2,951","3,408","3,283","2,729","3,619","3,485","2,815"
,Demand,"1,991,565","1,979,418",99.39%,"64,684","66,123","79,325","48,554","59,276","73,780","63,535","64,553","63,451","73,367","54,010","75,570","72,705","65,327","65,299","67,223","77,047","55,331","66,293","74,931","69,551","67,151","68,851","81,318","50,472","62,869","68,962","65,364","68,226","65,637","70,237","49,376","67,947","80,906","67,600","68,062","68,608","72,588","49,546","64,246","73,147","68,871","69,156","84,300","72,914","28,447","32,142","38,516","42,096","50,726","49,917","41,215","44,270","57,972","68,833","59,364","59,057","57,562","64,760","46,449","54,634","63,438","54,304","67,048","58,918","59,970","46,718","55,632","63,591","56,402","56,951","57,327","68,654","48,537","67,310","66,277","57,288","58,182","70,190","74,356","59,593","58,523","71,929","66,684","68,759","67,854","70,658","52,884","60,728","72,827","63,491"
,SME+MP+KA,"1,838,990","1,782,982",96.95%,"57,861","59,178","72,669","43,020","52,496","66,989","57,184","58,143","56,934","67,155","48,897","69,261","66,395","59,467","59,389","61,215","71,323","50,666","60,508","69,150","64,222","61,771","63,372","76,006","46,207","57,594","63,680","60,517","63,312","60,601","65,386","45,335","63,032","75,948","63,040","63,394","63,775","67,992","45,448","59,387","68,196","64,269","64,396","79,326","68,131","24,056","27,014","33,258","37,157","45,604","44,562","36,038","39,583","52,447","63,189","54,052","53,585","51,888","59,300","41,711","48,914","57,650","48,903","61,543","53,268","54,592","42,249","50,109","58,052","51,300","51,791","52,065","63,699","44,491","62,261","61,230","52,690","53,531","61,103","65,965","52,412","48,858","62,711","58,682","60,786","59,574","63,105","46,530","51,962","64,537","56,446"
J,GHN,"7,731","22,807",295.02%,934,832,587,419,767,599,459,511,424,197,182,422,279,166,245,185,14,93,264,144,53,153,112,70,91,234,126,46,156,124,50,153,275,179,111,235,219,63,334,429,355,311,459,468,337,642,749,696,670,832,852,727,931,"1,135","1,071","1,030","1,171","1,162","1,004",987,"1,330","1,218","1,125","1,212","1,147",932,722,"1,144",978,833,871,761,506,273,654,466,302,328,"1,276",653,993,"1,570","1,343","1,151","1,306","1,122",518,712,"1,416","1,148",892
K,KA,"479,820","537,074",111.93%,"17,096","16,808","19,738","17,194","17,169","18,781","18,185","18,523","18,223","20,410","17,266","21,971","18,466","17,912","17,376","18,393","20,791","13,832","14,102","16,558","16,074","15,695","16,195","19,277","13,737","14,050","14,284","14,201","14,492","14,264","14,532","13,504","15,925","19,838","17,451","17,795","17,498","17,826","15,500","15,618","17,713","17,148","17,515","22,420","17,605","7,792","8,580","8,798","10,239","15,718","17,223","14,085","14,711","18,537","21,154","19,656","19,227","17,218","17,572","14,517","16,745","17,475","16,891","20,673","16,915","17,219","14,089","16,302","18,696","16,384","16,702","16,381","20,028","13,796","22,143","16,551","17,591","18,011","15,598","15,826","12,771","15,071","15,431","14,710","14,934","14,888","15,115","12,419","14,426","16,709","14,219"
L,MP,"363,334","292,239",80.43%,"9,972","11,105","14,249","5,306","7,997","10,850","10,003","10,509","9,089","9,467","10,327","18,840","9,219","8,668","9,010","9,287","10,498","7,707","11,636","14,348","11,546","12,264","12,925","18,877","8,006","11,002","12,316","12,239","14,781","11,911","12,862","7,305","14,487","18,962","11,442","11,481","11,756","12,045","7,727","10,974","12,508","12,744","12,512","20,668","12,107","3,866","4,662","5,669","3,872","4,004","4,098","4,224","2,864","3,790","4,756","3,092","3,217","3,318","4,159","2,422","2,973","4,005","4,552","5,448","3,483","4,067","3,178","3,345","4,548","3,277","3,631","3,957","6,010","3,659","7,907","4,716","3,828","4,232","8,277","9,795","7,190","7,373","11,459","11,599","11,976","9,534","9,805","6,734","7,323","10,307","8,039"
M,SME,"995,836","953,669",95.77%,"30,793","31,265","38,682","20,520","27,330","37,358","28,996","29,111","29,622","37,278","21,304","28,450","38,710","32,887","33,003","33,535","40,034","29,127","34,770","38,244","36,602","33,813","34,253","37,851","24,465","32,542","37,079","34,077","34,039","34,426","37,992","24,526","32,620","37,148","34,147","34,118","34,521","38,121","22,221","32,795","37,975","34,377","34,369","36,238","38,419","12,398","13,772","18,791","23,046","25,882","23,241","17,729","22,008","30,120","37,279","31,304","31,141","31,352","37,569","24,772","29,196","36,170","27,460","35,422","32,870","33,306","24,982","30,462","34,808","31,639","31,458","31,727","37,661","27,036","32,211","39,963","31,271","31,288","37,227","40,344","32,451","26,414","35,820","32,373","33,876","35,151","38,186","27,376","30,213","37,521","34,188"
N,TRUCK,"21,913","34,680",158.26%,"1,178","1,179","1,161","1,018","1,245","1,214","1,171","1,191","1,191","1,171","1,005","1,248","1,212","1,162","1,174","1,165","1,133",915,"1,183","1,132","1,065","1,060","1,032",983,725,998,930,848,829,789,731,510,735,666,587,573,543,497,391,536,488,432,443,440,420,425,514,493,462,497,515,514,538,637,625,600,637,654,648,603,752,727,687,707,705,681,560,744,701,642,646,628,591,461,636,585,524,526,"4,801","4,826","3,799","4,901","4,802","4,356","4,188","4,295","4,276","3,349","4,310","4,214","3,788"
O,WH,"122,931","138,949",113.03%,"4,711","4,934","4,908","4,097","4,768","4,978","4,721","4,708","4,902","4,844","3,926","4,639","4,819","4,532","4,491","4,658","4,577","3,657","4,338","4,504","4,210","4,166","4,335","4,259","3,449","4,043","4,227","3,952","3,929","4,122","4,071","3,378","3,905","4,113","3,862","3,860","4,071","4,036","3,373","3,894","4,108","3,859","3,858","4,066","4,026","3,324","3,865","4,069","3,807","3,793","3,988","3,936","3,218","3,753","3,948","3,682","3,664","3,858","3,808","3,148","3,638","3,843","3,589","3,586","3,798","3,765","3,187","3,635","3,860","3,627","3,643","3,873","3,858","3,312","3,759","3,996","3,772","3,797","3,010","2,913","2,389","3,195","3,073","2,495","2,479","2,863","2,758","2,292","3,040","2,927","2,365"
,Actual request,"2,454,505","1,308,733",53.32%,0,"85,041","94,989","57,337","77,413","83,651","82,126","85,735","83,707","88,347","68,139","96,497","79,158","74,969","80,164","79,765","91,695","61,969","85,175","86,230","77,427","81,679","86,601","93,126","58,917","78,890","82,188","83,335","86,220","80,107","86,494","59,480","80,192","88,341","79,907","81,593","83,301","92,929","65,314","82,129","87,051","86,600","94,597","104,881","87,103","59,200","55,620","37,909","39,913","83,866","79,797","67,060","45,765","85,212","85,717","79,697","75,306","78,117","93,134","60,744","78,502","80,487","80,760","88,006","80,764","86,322","62,356","79,754","85,199","79,537","78,873","81,002","90,174","66,685","96,582","77,805","74,269","75,947",0,0,0,0,0,0,0,0,0,0,0,0,0
,SME+MP+KA,"2,072,570","1,141,209",55.06%,0,"74,024","81,838","50,432","69,072","74,450","72,713","74,074","70,415","75,472","56,530","83,809","68,785","66,305","70,266","71,479","81,545","52,165","73,964","76,274","66,903","68,077","71,798","79,310","49,081","68,149","70,263","71,251","73,453","68,759","71,214","47,803","68,164","73,200","68,637","68,779","68,275","75,653","51,789","66,194","72,015","73,420","82,135","90,348","75,121","46,417","48,184","35,775","37,646","73,264","68,432","59,805","43,854","73,243","75,849","68,623","68,053","68,067","78,681","49,440","67,097","70,741","72,134","74,720","68,848","73,556","50,006","68,742","73,480","68,236","68,375","68,585","76,528","54,174","81,511","69,222","67,960","68,699",0,0,0,0,0,0,0,0,0,0,0,0,0
L,GHN,"94,571","64,788",68.51%,0,"5,073","6,912","3,845","4,652","4,867","4,258","4,181","4,891","4,723","2,605","2,584","3,200","2,657","3,584","3,463","3,293","1,077","1,421","2,151","2,639","3,051","2,685","2,639","1,659","2,031","2,367","1,974","2,574","3,244","3,926","2,387","2,167","3,175","2,927","3,497","4,198","5,979","3,154","4,355","4,216","4,638","4,579","3,716","4,585","2,472","2,954","2,134","2,267","2,667","3,090","2,973","1,911","2,669","3,123","3,761","3,216","3,524","3,279","1,925","2,324","2,410","3,201","3,425","3,060","3,201","2,152","2,490","2,213","2,549","2,411","2,501","2,185","1,280","2,130","2,208","2,001","1,735",0,0,0,0,0,0,0,0,0,0,0,0,0
L,KA,"934,913","534,550",57.18%,0,"34,784","39,508","29,058","33,763","35,062","34,662","34,843","31,453","31,855","30,170","39,095","28,749","28,132","30,805","33,383","39,228","31,479","35,746","34,746","28,308","29,453","29,713","34,548","27,681","32,450","29,147","32,012","32,507","28,960","30,116","25,735","28,551","30,441","29,189","29,355","28,245","31,240","27,007","28,450","30,104","31,354","37,099","40,440","31,126","24,870","24,230","20,611","20,152","27,307","26,456","28,158","22,284","32,361","30,483","28,761","29,400","28,761","36,038","27,842","30,792","30,755","33,110","35,522","31,492","33,679","28,358","31,670","32,303","30,711","31,583","31,339","34,288","29,070","38,020","30,806","30,535","30,833",0,0,0,0,0,0,0,0,0,0,0,0,0
L,MP,"183,005","112,238",61.33%,0,"7,253","8,918","2,446","4,800","5,213","5,528","7,291","6,423","10,507","6,941","13,843","6,054","6,014","6,208","6,197","8,602","2,294","5,515","4,671","5,456","5,924","7,982","9,851","2,036","4,678","5,281","5,971","6,782","5,111","6,944","3,087","6,457","6,690","5,323","5,497","6,004","8,913","3,392","4,658","5,052","6,762","10,740","14,150","6,531","2,979","5,354","2,920","1,565","4,570","5,972","6,252","3,100","7,010","4,638","4,731","5,031","5,601","7,717","2,307","4,619","5,069","5,804","6,522","4,537","5,814","2,214","5,934","6,730","5,094","5,114","5,148","8,972","5,739","13,598","4,907","6,220","5,649",0,0,0,0,0,0,0,0,0,0,0,0,0
L,SME,"954,652","494,421",51.79%,0,"31,987","33,412","18,928","30,509","34,175","32,523","31,940","32,539","33,110","19,419","30,871","33,982","32,159","33,253","31,899","33,715","18,392","32,703","36,857","33,139","32,700","34,103","34,911","19,364","31,021","35,835","33,268","34,164","34,688","34,154","18,981","33,156","36,069","34,125","33,927","34,026","35,500","21,390","33,086","36,859","35,304","34,296","35,758","37,464","18,568","18,600","12,244","15,929","41,387","36,004","25,395","18,470","33,872","40,728","35,131","33,622","33,705","34,926","19,291","31,686","34,917","33,220","32,676","32,819","34,063","19,434","31,138","34,447","32,431","31,678","32,098","33,268","19,365","29,893","33,509","31,205","32,217",0,0,0,0,0,0,0,0,0,0,0,0,0
L,WH,"287,364","102,736",35.75%,0,"5,944","6,239","3,060","3,689","4,334","5,155","7,480","8,401","8,152","9,004","10,104","7,173","6,007","6,314","4,823","6,857","8,727","9,790","7,805","7,885","10,551","12,118","11,177","8,177","8,710","9,558","10,110","10,193","8,104","11,354","9,290","9,861","11,966","8,343","9,317","10,828","11,297","10,371","11,580","10,820","8,542","7,883","10,817","7,397","10,311","4,482",0,0,"7,935","8,275","4,282",0,"9,300","6,745","7,313","4,037","6,526","11,174","9,379","9,081","7,336","5,425","9,861","8,856","9,565","10,198","8,522","9,506","8,752","8,087","9,916","11,461","11,231","12,941","6,375","4,308","5,513",0,0,0,0,0,0,0,0,0,0,0,0,0
,Actual demand,"1,934,112","1,022,980",52.89%,0,"65,345","71,977","42,918","59,573","65,193","63,534","69,147","68,007","69,807","50,108","74,549","65,212","62,644","65,270","60,095","69,601","44,849","63,147","56,225","64,127","68,302","70,944","73,844","46,441","62,904","67,323","65,221","71,247","65,298","68,109","45,455","63,360","71,269","66,829","67,957","68,924","74,207","47,575","65,248","69,757","69,908","72,570","79,232","70,791","44,265","40,495","28,289","30,643","66,177","66,568","54,137","35,654","67,599","68,750","65,825","62,247","63,723","71,801","43,912","60,044","64,432","64,664","69,835","65,108","67,859","44,885","60,477","67,080","64,711","64,039","64,698","70,171","48,086","72,755","62,397","59,950","62,098",0,0,0,0,0,0,0,0,0,0,0,0,0
,SME+MP+KA,"1,624,203","888,038",54.68%,0,"57,300","61,703","37,605","53,111","57,742","55,833","59,369","57,299","59,706","41,432","64,236","56,549","55,026","56,773","53,128","61,226","37,168","54,209","48,643","55,102","56,507","58,971","62,324","37,782","53,705","57,125","55,299","60,220","56,085","55,801","36,071","53,186","58,783","56,837","56,798","56,459","60,780","37,791","52,945","58,078","59,133","62,771","67,919","61,090","34,744","35,090","26,787","29,227","57,490","56,558","48,182","34,421","57,658","60,367","56,395","56,143","55,069","60,240","35,266","51,027","55,750","57,421","58,987","55,127","57,944","36,211","52,712","57,975","55,240","55,148","54,746","59,552","38,895","61,422","55,090","54,496","55,661",0,0,0,0,0,0,0,0,0,0,0,0,0
K,GHN,"66,202","46,816",70.72%,0,"3,362","4,867","2,524","3,063","3,517","3,306","3,031","3,643","3,393","1,933","1,947","2,247","2,116","2,717","2,734","2,416",637,"1,044","1,468","1,860","2,510","2,086","2,025","1,069","1,392","1,666","1,383","2,114","2,237","2,835","1,631","1,763","2,235","2,205","2,629","3,085","3,994","1,930","3,000","3,191","3,347","3,119","2,460","2,715","1,548","1,522","1,502","1,416","1,727","2,309","1,868","1,233","1,837","2,146","2,686","2,274","2,586","2,313","1,417","1,538","1,887","2,144","2,511","2,384","2,315","1,298","1,655","1,473","2,022","1,936","1,935","1,801","1,070","1,440","1,641","1,388","1,389",0,0,0,0,0,0,0,0,0,0,0,0,0
K,KA,"714,350","402,720",56.38%,0,"25,992","28,210","21,492","25,237","25,960","25,237","27,540","25,174","24,895","22,317","28,876","23,362","23,209","24,343","23,321","27,555","21,682","24,482","21,547","23,237","24,328","24,176","26,633","21,335","25,040","23,207","24,006","26,105","23,412","23,275","19,479","21,992","24,260","23,936","24,041","23,055","24,487","19,530","22,278","23,761","24,821","27,132","28,149","24,685","18,240","16,848","15,191","15,468","21,200","21,418","21,955","17,245","24,312","23,305","22,842","23,506","22,089","25,186","18,801","21,673","22,751","25,098","26,589","23,849","24,990","19,597","22,937","24,372","24,019","24,658","24,009","24,933","20,027","26,284","23,243","23,264","24,029",0,0,0,0,0,0,0,0,0,0,0,0,0
K,MP,"133,945","79,905",59.66%,0,"5,164","6,536","1,284","3,294","3,739","3,894","5,354","4,529","7,589","3,753","10,591","4,359","4,403","4,505","4,491","6,420","1,470","4,165","3,327","4,060","4,373","5,981","7,404","1,309","3,418","3,741","4,439","5,244","3,738","5,252","1,923","4,738","5,124","3,926","4,062","4,446","6,710","2,179","3,443","3,690","4,931","7,832","10,825","4,796","1,790","3,701","1,908",901,"3,471","4,570","4,674","2,002","5,364","3,518","3,600","3,842","4,232","5,894","1,522","3,524","3,825","4,373","4,953","3,405","4,347","1,425","4,262","4,964","3,691","3,737","3,644","6,811","3,784","10,801","3,665","4,754","4,226",0,0,0,0,0,0,0,0,0,0,0,0,0
K,SME,"775,908","405,413",52.25%,0,"26,144","26,957","14,829","24,580","28,043","26,702","26,475","27,596","27,222","15,362","24,769","28,828","27,414","27,925","25,316","27,251","14,016","25,562","23,769","27,805","27,806","28,814","28,287","15,138","25,247","30,177","26,854","28,871","28,935","27,274","14,669","26,456","29,399","28,975","28,695","28,958","29,583","16,082","27,224","30,627","29,381","27,807","28,945","31,609","14,714","14,541","9,688","12,858","32,819","30,570","21,553","15,174","27,982","33,544","29,953","28,795","28,748","29,160","14,943","25,830","29,174","27,950","27,445","27,873","28,607","15,189","25,513","28,639","27,530","26,753","27,093","27,808","15,084","24,337","28,182","26,478","27,406",0,0,0,0,0,0,0,0,0,0,0,0,0
K,WH,"243,707","88,126",36.16%,0,"4,683","5,407","2,789","3,399","3,934","4,395","6,747","7,065","6,708","6,743","8,366","6,416","5,502","5,780","4,233","5,959","7,044","7,894","6,114","7,165","9,285","9,887","9,495","7,590","7,807","8,532","8,539","8,913","6,976","9,473","7,753","8,411","10,251","7,787","8,530","9,380","9,433","7,854","9,303","8,488","7,428","6,680","8,853","6,986","7,973","3,883",0,0,"6,960","7,701","4,087",0,"8,104","6,237","6,744","3,830","6,068","9,248","7,229","7,479","6,795","5,099","8,337","7,597","7,600","7,376","6,110","7,632","7,449","6,955","8,017","8,818","8,121","9,893","5,666","4,066","5,048",0,0,0,0,0,0,0,0,0,0,0,0,0
,% Request,105.3%,56.5%,53.6%,0.0%,109.9%,102.3%,100.9%,111.6%,96.9%,110.4%,113.5%,112.7%,102.9%,107.8%,109.1%,93.0%,98.1%,104.9%,101.4%,101.7%,95.7%,109.8%,98.3%,95.1%,103.9%,107.5%,97.8%,99.7%,107.2%,101.8%,108.9%,108.0%,104.3%,105.2%,102.9%,100.8%,93.3%,101.0%,102.4%,103.7%,109.4%,112.6%,109.2%,101.7%,107.4%,116.9%,106.3%,102.1%,177.8%,147.8%,84.1%,81.0%,141.3%,136.6%,139.0%,88.3%,125.6%,106.4%,114.7%,108.9%,115.9%,122.9%,111.7%,122.8%,108.4%,127.1%,112.1%,117.1%,123.0%,114.0%,122.5%,114.5%,120.5%,118.3%,120.7%,112.2%,117.4%,122.6%,100.3%,110.8%,111.5%,0.0%,0.0%,0.0%,0.0%,0.0%,0.0%,0.0%,0.0%,0.0%,0.0%,0.0%,0.0%,0.0%
,SME+MP+KA,96.3%,54.7%,56.8%,0.0%,106.9%,96.2%,100.2%,112.4%,95.0%,108.6%,108.9%,105.7%,96.0%,98.8%,103.4%,88.5%,95.3%,101.1%,99.8%,97.7%,88.0%,104.4%,94.2%,89.0%,94.2%,96.8%,89.2%,90.8%,101.1%,94.3%,100.6%,99.1%,96.9%,93.1%,90.1%,92.4%,82.3%,93.0%,92.7%,91.5%,95.1%,97.4%,95.2%,90.2%,97.6%,109.0%,97.3%,94.2%,164.9%,152.4%,91.9%,86.6%,137.3%,131.2%,141.8%,94.7%,119.3%,102.6%,108.5%,108.5%,112.1%,113.4%,101.3%,117.2%,104.8%,126.0%,103.7%,110.4%,115.1%,101.1%,117.2%,108.1%,113.6%,112.8%,112.5%,102.6%,104.0%,111.9%,96.6%,110.2%,109.6%,0.0%,0.0%,0.0%,0.0%,0.0%,0.0%,0.0%,0.0%,0.0%,0.0%,0.0%,0.0%,0.0%
,GHN,1045.21%,242.71%,23.22%,0.00%,520.84%,1006.11%,784.69%,518.04%,694.29%,792.92%,699.16%,986.09%,2044.59%,1223.00%,523.08%,978.59%,1369.59%,1248.78%,1595.85%,20581.25%,988.07%,459.87%,1272.78%,4256.45%,1704.47%,2049.62%,3218.29%,1565.09%,741.24%,1599.32%,3655.56%,1414.29%,2237.24%,6768.97%,1333.52%,672.98%,1519.14%,2251.54%,1271.64%,1639.84%,8079.73%,806.65%,867.53%,1015.90%,1274.18%,852.70%,678.10%,1160.76%,329.16%,336.83%,261.84%,289.16%,273.82%,309.93%,349.35%,175.32%,200.83%,249.04%,312.12%,234.74%,259.12%,279.06%,166.67%,149.26%,169.00%,243.05%,241.54%,227.85%,293.40%,254.67%,185.96%,193.28%,261.44%,236.60%,280.70%,369.09%,401.25%,278.07%,405.14%,565.25%,451.82%,0.00%,0.00%,0.00%,0.00%,0.00%,0.00%,0.00%,0.00%,0.00%,0.00%,0.00%,0.00%,0.00%
,KA,166.48%,85.04%,51.08%,0.00%,176.82%,171.02%,144.39%,168.01%,159.51%,162.85%,160.72%,147.47%,133.35%,149.30%,152.03%,133.02%,134.19%,151.47%,155.07%,161.20%,194.44%,216.58%,179.29%,150.47%,160.34%,156.76%,153.12%,172.17%,197.34%,174.34%,192.59%,191.65%,173.46%,177.07%,162.82%,153.18%,131.10%,142.91%,140.94%,137.92%,149.73%,148.87%,155.64%,145.21%,156.22%,180.97%,154.11%,151.06%,272.71%,241.28%,200.16%,168.16%,148.43%,131.24%,170.81%,129.42%,149.16%,123.12%,125.02%,130.64%,142.72%,175.22%,163.86%,157.12%,150.37%,167.48%,146.81%,159.07%,167.12%,171.97%,165.99%,147.62%,160.15%,161.57%,163.45%,146.27%,180.03%,146.70%,159.02%,148.31%,146.27%,0.00%,0.00%,0.00%,0.00%,0.00%,0.00%,0.00%,0.00%,0.00%,0.00%,0.00%,0.00%,0.00%
,MP,43.03%,32.81%,76.25%,0.00%,55.80%,53.47%,39.39%,51.28%,41.05%,47.22%,59.28%,60.38%,94.83%,57.43%,62.78%,56.11%,59.28%,58.87%,57.01%,70.01%,25.43%,40.50%,27.82%,40.37%,41.27%,52.77%,44.59%,21.73%,36.33%,36.64%,41.68%,39.20%,36.66%,46.13%,36.11%,38.08%,30.14%,39.75%,40.91%,43.64%,63.22%,37.51%,36.27%,34.51%,45.33%,73.34%,58.49%,46.09%,65.84%,98.12%,44.01%,34.53%,97.52%,124.52%,126.46%,92.48%,158.03%,83.31%,130.73%,133.63%,144.21%,158.56%,81.38%,132.73%,108.15%,108.93%,102.29%,111.31%,122.12%,59.53%,151.57%,126.43%,132.83%,120.33%,111.14%,127.55%,134.03%,146.93%,88.89%,138.84%,114.05%,0.00%,0.00%,0.00%,0.00%,0.00%,0.00%,0.00%,0.00%,0.00%,0.00%,0.00%,0.00%,0.00%
,SME,81.91%,44.30%,54.08%,0.00%,87.41%,73.80%,78.81%,95.38%,78.16%,95.83%,93.74%,93.85%,75.89%,77.88%,92.71%,75.01%,83.55%,86.09%,81.27%,71.95%,53.95%,80.36%,82.34%,77.36%,82.63%,85.07%,78.80%,67.63%,81.45%,82.57%,83.41%,85.75%,86.09%,76.81%,66.12%,86.84%,82.96%,85.39%,84.96%,84.21%,79.57%,82.24%,86.20%,82.93%,87.74%,85.26%,84.31%,83.32%,127.96%,115.40%,55.67%,59.06%,136.63%,132.36%,122.39%,71.70%,96.08%,93.34%,95.88%,92.25%,91.85%,79.43%,66.53%,92.73%,82.48%,103.36%,78.82%,85.31%,87.38%,66.47%,87.34%,84.55%,87.58%,86.04%,86.44%,75.47%,61.20%,79.29%,71.64%,85.26%,87.98%,0.00%,0.00%,0.00%,0.00%,0.00%,0.00%,0.00%,0.00%,0.00%,0.00%,0.00%,0.00%,0.00%
,WH,199.72%,63.17%,31.63%,0.00%,102.93%,108.62%,63.82%,66.11%,74.39%,93.29%,135.75%,146.44%,143.80%,195.95%,186.08%,127.18%,113.25%,120.13%,88.46%,128.00%,203.90%,192.83%,148.05%,160.00%,216.39%,238.83%,224.21%,202.55%,184.07%,193.21%,218.55%,221.64%,167.96%,238.28%,234.95%,215.73%,248.57%,184.58%,206.22%,227.24%,239.14%,262.69%,254.11%,225.04%,189.11%,174.56%,227.30%,156.98%,265.06%,99.07%,0.00%,0.00%,178.76%,177.27%,92.95%,0.00%,211.70%,145.96%,169.71%,94.15%,144.51%,250.71%,254.59%,213.27%,163.09%,129.14%,234.95%,199.24%,217.04%,273.40%,200.33%,210.40%,206.17%,189.66%,218.75%,253.79%,289.76%,294.18%,136.31%,97.58%,124.05%,0.00%,0.00%,0.00%,0.00%,0.00%,0.00%,0.00%,0.00%,0.00%,0.00%,0.00%,0.00%,0.00%
,% Demand,97.12%,51.68%,53.22%,0.00%,98.82%,90.74%,88.39%,100.50%,88.36%,100.00%,107.12%,107.18%,95.15%,92.78%,98.65%,89.69%,95.89%,99.96%,89.40%,90.34%,81.06%,95.25%,75.04%,92.20%,101.71%,103.04%,90.81%,92.01%,100.06%,97.62%,99.78%,104.43%,99.48%,96.97%,92.06%,93.25%,88.09%,98.86%,99.85%,100.46%,102.23%,96.02%,101.56%,95.37%,101.51%,104.94%,93.99%,97.09%,155.61%,125.99%,73.45%,72.79%,130.46%,133.36%,131.35%,80.54%,116.61%,99.88%,110.88%,105.40%,110.70%,110.87%,94.54%,109.90%,101.57%,119.08%,104.16%,110.51%,113.15%,96.08%,108.71%,105.49%,114.73%,112.45%,112.86%,102.21%,99.07%,108.09%,94.15%,104.65%,106.73%,0.00%,0.00%,0.00%,0.00%,0.00%,0.00%,0.00%,0.00%,0.00%,0.00%,0.00%,0.00%,0.00%
,SME+MP+KA,88.3%,49.8%,56.4%,0.0%,96.8%,84.9%,87.4%,101.2%,86.2%,97.6%,102.1%,100.6%,88.9%,84.7%,92.7%,85.2%,92.5%,95.6%,86.8%,85.8%,73.4%,89.6%,70.3%,85.8%,91.5%,93.1%,82.0%,81.8%,93.2%,89.7%,91.4%,95.1%,92.5%,85.3%,79.6%,84.4%,77.4%,90.2%,89.6%,88.5%,89.4%,83.2%,89.2%,85.2%,92.0%,97.5%,85.6%,89.7%,144.4%,129.9%,80.5%,78.7%,126.1%,126.9%,133.7%,87.0%,109.9%,95.5%,104.3%,104.8%,106.1%,101.6%,84.5%,104.3%,96.7%,117.4%,95.8%,103.5%,106.1%,85.7%,105.2%,99.9%,107.7%,106.5%,105.1%,93.5%,87.4%,98.7%,90.0%,103.4%,104.0%,0.0%,0.0%,0.0%,0.0%,0.0%,0.0%,0.0%,0.0%,0.0%,0.0%,0.0%,0.0%,0.0%
,GHN,856.36%,205.27%,23.97%,0.00%,404.09%,829.13%,602.39%,399.35%,587.15%,720.26%,593.15%,859.20%,1722.34%,1062.09%,461.37%,805.38%,1274.70%,1108.98%,1477.84%,17257.14%,683.99%,395.44%,1016.67%,3511.24%,1641.19%,1863.72%,2890.35%,1180.35%,594.60%,1317.50%,2997.56%,1359.48%,1805.66%,5720.89%,1066.01%,641.09%,1248.60%,1986.49%,1118.72%,1408.68%,6339.68%,577.84%,699.30%,898.87%,1076.21%,679.52%,525.64%,805.64%,241.12%,203.20%,215.80%,211.34%,207.57%,271.01%,256.95%,132.44%,161.85%,200.37%,260.78%,194.19%,222.55%,230.38%,143.57%,115.64%,154.93%,190.58%,207.18%,207.85%,248.39%,179.78%,144.67%,150.61%,242.74%,222.27%,254.27%,355.93%,391.94%,220.18%,352.15%,459.60%,423.48%,0.00%,0.00%,0.00%,0.00%,0.00%,0.00%,0.00%,0.00%,0.00%,0.00%,0.00%,0.00%,0.00%
,KA,148.88%,74.98%,50.37%,0.00%,154.64%,142.92%,125.00%,146.99%,138.22%,138.78%,148.68%,138.14%,121.97%,129.25%,131.43%,126.51%,129.57%,140.10%,126.79%,132.53%,156.75%,173.61%,130.13%,144.56%,155.00%,149.28%,138.16%,155.31%,178.22%,162.47%,169.04%,180.13%,164.13%,160.17%,144.25%,138.10%,122.29%,137.16%,135.10%,131.76%,137.37%,126.00%,142.64%,134.14%,144.75%,154.91%,125.55%,140.22%,234.09%,196.36%,172.66%,151.07%,134.88%,124.36%,155.88%,117.23%,131.15%,110.17%,116.21%,122.26%,128.29%,143.33%,129.51%,129.43%,130.19%,148.59%,128.62%,140.99%,145.13%,139.09%,140.70%,130.36%,146.60%,147.64%,146.57%,124.49%,145.17%,118.70%,140.43%,132.25%,133.41%,0.00%,0.00%,0.00%,0.00%,0.00%,0.00%,0.00%,0.00%,0.00%,0.00%,0.00%,0.00%,0.00%
,MP,36.87%,27.34%,74.17%,0.00%,46.50%,45.87%,24.20%,41.19%,34.46%,38.93%,50.95%,49.83%,80.16%,36.34%,56.22%,47.28%,50.80%,50.00%,48.36%,61.15%,19.07%,35.79%,23.19%,35.16%,35.66%,46.28%,39.22%,16.35%,31.07%,30.37%,36.27%,35.48%,31.38%,40.83%,26.32%,32.71%,27.02%,34.31%,35.38%,37.82%,55.71%,28.20%,31.37%,29.50%,38.69%,62.60%,52.38%,39.61%,46.30%,79.39%,33.66%,23.27%,86.69%,111.52%,110.65%,69.90%,141.53%,73.97%,116.43%,119.43%,127.55%,141.72%,62.84%,118.53%,95.51%,96.07%,90.91%,97.76%,106.88%,44.84%,127.41%,109.15%,112.63%,102.92%,92.09%,113.33%,103.42%,136.60%,77.71%,124.19%,99.86%,0.00%,0.00%,0.00%,0.00%,0.00%,0.00%,0.00%,0.00%,0.00%,0.00%,0.00%,0.00%,0.00%
,SME,77.92%,42.51%,54.56%,0.00%,83.62%,69.69%,72.27%,89.94%,75.07%,92.09%,90.95%,93.16%,73.02%,72.11%,87.06%,74.47%,83.36%,84.61%,75.49%,68.07%,48.12%,73.52%,62.15%,75.97%,82.24%,84.12%,74.73%,61.88%,77.58%,81.39%,78.80%,84.82%,84.05%,71.79%,59.81%,81.10%,79.14%,84.85%,84.11%,83.89%,77.60%,72.37%,83.01%,80.65%,85.47%,80.91%,79.87%,82.27%,118.68%,105.58%,51.56%,55.79%,126.80%,131.53%,121.57%,68.95%,92.90%,89.98%,95.68%,92.47%,91.69%,77.62%,60.32%,88.47%,80.66%,101.78%,77.48%,84.80%,85.89%,60.80%,83.75%,82.28%,87.01%,85.04%,85.39%,73.84%,55.79%,75.55%,70.52%,84.67%,87.59%,0.00%,0.00%,0.00%,0.00%,0.00%,0.00%,0.00%,0.00%,0.00%,0.00%,0.00%,0.00%,0.00%
,WH,198.25%,63.42%,31.99%,0.00%,94.91%,110.17%,68.07%,71.29%,79.03%,93.09%,143.31%,144.12%,138.48%,171.75%,180.34%,133.14%,121.40%,128.70%,90.88%,130.19%,192.63%,181.98%,135.73%,170.17%,222.87%,228.06%,222.93%,220.05%,193.10%,201.86%,216.04%,226.83%,169.22%,232.68%,229.51%,215.39%,249.23%,201.63%,220.98%,230.41%,233.72%,232.85%,238.91%,206.62%,192.49%,173.15%,217.73%,173.52%,239.86%,100.47%,0.00%,0.00%,183.50%,193.10%,103.84%,0.00%,215.93%,157.98%,183.16%,104.53%,157.28%,242.86%,229.64%,205.58%,176.81%,142.07%,232.49%,200.03%,201.86%,231.44%,168.09%,197.72%,205.38%,190.91%,207.00%,228.56%,245.20%,263.18%,141.79%,107.79%,132.95%,0.00%,0.00%,0.00%,0.00%,0.00%,0.00%,0.00%,0.00%,0.00%,0.00%,0.00%,0.00%,0.00%
,Driver tracking,,,,,,,,,,,,,,,,,,,,,,,,,,,,,,,,,,,,,,,,,,,,,,,,,,,,,,,,,,,,,,,,,,,,,,,,,,,,,,,,,,,,,,,,,,,,,,
,Active actual,"14,709","13,035",88.62%,0,"6,912","6,833","4,395","6,389","6,880","6,798","7,018","7,191","7,072","4,828","6,880","7,053","7,076","7,118","6,678","6,833","4,478","6,566","5,642","6,907","7,016","7,203","7,023","4,550","6,602","7,189","6,677","7,286","6,956","6,819","4,509","6,488","7,035","7,206","7,285","7,184","7,115","4,490","6,555","7,038","7,245","7,175","7,226","6,933","4,068","4,329","3,250","3,662","6,503","6,830","6,010","4,357","6,542","7,086","7,159","7,218","7,182","7,095","4,364","6,403","6,988","7,127","7,220","7,218","7,058","4,396","6,397","7,074","7,109","7,133","7,083","6,923","4,497","6,697","6,953","7,018","7,067",0,0,0,0,0,0,0,0,0,0,0,0,0
,FT,"3,138","2,706",86.23%,0,"2,203","2,207","1,510","2,111","2,211","2,226","2,251","2,261","2,257","1,737","2,238","2,274","2,303","2,353","2,311","2,308","1,677","2,382","2,154","2,449","2,465","2,493","2,492","1,734","2,419","2,528","2,440","2,563","2,525","2,514","1,795","2,473","2,593","2,598","2,597","2,624","2,584","1,781","2,515","2,640","2,646","2,661","2,699","2,621","1,693","1,846","1,416","1,288","2,105","2,138","1,961","1,534","2,116","2,227","2,210","2,261","2,286","2,277","1,510","2,112","2,246","2,280","2,291","2,307","2,277","1,537","2,187","2,329","2,339","2,330","2,340","2,348","1,681","2,298","2,362","2,377","2,397",0,0,0,0,0,0,0,0,0,0,0,0,0
,PT,"7,591","7,363",97.00%,0,"3,516","3,495","2,122","3,244","3,567","3,522","3,663","3,837","3,838","2,432","3,751","3,868","3,906","3,934","3,654","3,835","1,911","2,969","2,431","3,166","3,241","3,370","3,287","1,975","3,007","3,342","3,110","3,495","3,295","3,205","1,988","3,001","3,342","3,458","3,552","3,538","3,542","2,064","3,152","3,488","3,675","3,680","3,749","3,566","1,958","2,074","1,505","1,633","3,149","3,386","2,835","1,923","3,104","3,456","3,495","3,523","3,482","3,458","1,984","3,061","3,401","3,485","3,564","3,573","3,535","2,078","3,115","3,531","3,554","3,560","3,578","3,500","2,118","3,389","3,545","3,659","3,697",0,0,0,0,0,0,0,0,0,0,0,0,0
,NLM,"1,214","1,130",93.08%,0,436,444,338,442,438,480,503,509,490,360,489,522,531,548,534,566,277,377,295,384,389,416,411,312,395,431,385,451,432,430,310,411,476,519,516,480,493,360,482,521,542,510,526,583,363,369,301,255,477,490,476,350,498,528,558,590,576,544,378,543,590,621,679,681,645,415,589,647,686,714,722,701,502,726,773,769,806,0,0,0,0,0,0,0,0,0,0,0,0,0
,Return,"1,138",689,60.54%,0,211,193,129,172,204,176,191,183,163,113,147,129,117,107,77,56,185,263,236,290,291,297,287,187,258,279,223,266,248,256,156,214,223,235,229,213,204,106,146,150,162,141,124,94,51,38,23,153,245,268,220,149,231,268,260,244,261,257,136,204,222,221,204,194,186,100,157,179,167,169,130,123,78,99,81,79,59,0,0,0,0,0,0,0,0,0,0,0,0,0
,NIM,"1,628","1,147",70.45%,0,546,494,296,420,460,394,410,401,324,186,255,260,219,176,102,68,428,575,526,618,630,627,546,342,523,609,519,511,456,414,260,389,401,396,391,329,292,179,260,239,220,183,128,69,3,2,5,333,527,548,518,401,593,607,636,600,577,559,356,483,529,520,482,463,415,266,349,388,363,360,313,251,118,185,192,134,108,0,0,0,0,0,0,0,0,0,0,0,0,0
,NID,,,,0,76,98,7,39,89,81,80,105,116,5,53,83,83,90,61,67,3,14,50,67,79,99,65,4,15,100,72,79,69,66,3,54,58,60,79,85,57,3,50,67,69,88,73,68,1,1,5,6,33,41,1,2,25,47,62,51,67,62,3,31,61,84,60,72,76,8,38,73,79,69,89,88,6,42,89,68,108,0,0,0,0,0,0,0,0,0,0,0,0,0
,NIM,,,,0,470,396,289,381,371,313,330,296,208,181,202,177,136,86,41,1,425,561,476,551,551,528,481,338,508,509,447,432,387,348,257,335,343,336,312,244,235,176,210,172,151,95,55,1,2,1,0,327,494,507,517,399,568,560,574,549,510,497,353,452,468,436,422,391,339,258,311,315,284,291,224,163,112,143,103,66,0,0,0,0,0,0,0,0,0,0,0,0,0,0
,Capacity,"1,624,203","835,298",51.43%,0,"56,912","61,336","37,342","52,698","57,338","55,390","58,975","56,995","59,340","41,130","63,800","56,226","54,728","56,479","52,810","60,880","36,787","53,821","48,230","54,663","56,091","58,470","61,881","37,429","53,351","56,779","54,953","59,909","55,641","55,485","35,752","52,785","58,371","56,481","56,473","56,113","60,427","37,465","52,609","57,700","58,830","62,453","67,514","60,746","34,515","34,845","26,526","28,915","56,876","55,916","47,696","34,025","57,146","59,782","55,847","55,638","54,540","59,773","34,897","50,579","55,377","56,989","58,535","54,741","57,622","35,850","52,295","57,633","54,926","54,805","54,401","59,167","38,590","61,139","54,785","54,229","55,385",0,0,0,0,0,0,0,0,0,0,0,0,0
,FT,"791,245","396,566",50.12%,0,"25,021","27,458","16,227","23,108","24,915","24,533","26,264","24,948","26,294","19,061","28,721","25,345","25,049","26,107","25,004","28,511","16,718","25,154","24,055","25,762","26,448","27,363","29,452","17,459","25,645","26,823","26,794","28,496","27,135","27,532","17,337","26,348","28,999","27,780","27,465","27,553","29,672","18,538","26,513","28,942","29,351","31,328","34,225","31,384","17,937","18,780","14,257","12,864","24,413","23,922","20,532","14,886","24,713","25,575","23,525","23,367","23,740","25,809","14,969","21,460","24,087","24,769","25,301","23,816","25,448","15,758","23,627","25,783","24,759","24,600","24,794","27,715","18,384","27,903","25,187","25,071","26,006",0,0,0,0,0,0,0,0,0,0,0,0,0
,PT,"605,657","376,938",62.24%,0,"22,853","24,867","15,040","21,873","24,178","23,228","24,252","24,182","25,723","16,923","27,677","24,466","23,521","24,475","22,698","27,239","13,009","19,459","16,343","19,593","20,153","21,212","22,644","13,399","18,910","20,649","19,828","22,367","20,421","19,985","12,994","18,990","21,274","20,796","21,269","21,829","23,658","13,873","19,499","22,202","22,920","24,848","27,048","23,855","13,001","12,917","9,674","10,257","22,378","21,824","18,110","12,434","21,774","23,416","21,747","21,872","21,131","23,629","13,132","19,897","21,752","22,343","23,236","21,995","23,226","13,948","20,394","22,937","21,781","21,581","21,802","23,526","14,494","24,714","22,289","22,291","22,658",0,0,0,0,0,0,0,0,0,0,0,0,0
,NLM,"104,287","61,794",59.25%,0,"3,612","3,801","2,654","3,444","3,497","3,677","4,159","3,854","3,999","2,959","4,412","3,891","4,095","4,293","4,121","4,505","2,328","2,922","2,328","2,854","3,057","3,405","3,414","2,475","3,137","3,279","3,079","3,528","3,035","3,238","2,410","3,202","3,575","3,612","3,668","3,412","3,753","2,881","3,697","3,938","3,991","4,147","4,685","4,594","3,279","2,946","2,468","2,041","4,081","4,050","3,643","2,934","4,393","4,297","4,320","4,507","4,262","4,449","3,173","4,285","4,457","4,721","5,201","4,701","4,911","3,421","4,739","5,000","5,090","5,269","5,143","5,620","4,141","6,477","5,789","5,732","5,930",0,0,0,0,0,0,0,0,0,0,0,0,0
,Return,"41,588","16,549",39.79%,0,"1,432","1,428",965,"1,194","1,355","1,250","1,304","1,242","1,181",740,"1,126",869,718,658,437,315,"1,269","1,841","1,566","1,879","1,942","2,055","2,116","1,301","1,709","1,905","1,543","1,773","1,657","1,777","1,011","1,463","1,501","1,444","1,462","1,266","1,283",739,947,966,"1,062",902,789,619,274,194,107,"1,101","1,756","1,839","1,509",949,"1,710","1,884","1,703","1,677","1,629","1,776",963,"1,412","1,405","1,499","1,390","1,178","1,231",666,"1,038","1,214","1,008","1,087",804,797,567,677,485,452,338,0,0,0,0,0,0,0,0,0,0,0,0,0
,NIM,"81,426","36,191",44.45%,0,"3,994","3,782","2,456","3,079","3,393","2,702","2,996","2,769","2,143","1,447","1,864","1,655","1,345",946,550,310,"3,463","4,445","3,938","4,575","4,491","4,435","4,255","2,795","3,950","4,123","3,709","3,745","3,393","2,953","2,000","2,782","3,022","2,849","2,609","2,053","2,061","1,434","1,953","1,652","1,506","1,228",767,294,24,8,20,"2,652","4,248","4,281","3,902","2,822","4,556","4,610","4,552","4,215","3,778","4,110","2,660","3,525","3,676","3,657","3,407","3,051","2,806","2,057","2,497","2,699","2,288","2,268","1,858","1,509","1,004","1,368","1,035",683,453,0,0,0,0,0,0,0,0,0,0,0,0,0
,NID,"6,765","4,875",72.06%,0,300,391,45,172,395,367,402,480,497,18,233,292,387,314,251,309,5,57,175,284,321,353,295,34,54,404,296,329,287,249,12,242,227,312,308,340,238,18,246,300,348,394,312,288,6,4,20,29,128,185,13,10,124,223,221,176,252,272,8,137,265,362,228,278,279,34,174,270,283,284,303,322,21,197,330,261,453,0,0,0,0,0,0,0,0,0,0,0,0,0
,NIM,"74,661","31,316",41.94%,0,"3,694","3,391","2,411","2,907","2,998","2,335","2,594","2,289","1,646","1,429","1,631","1,363",958,632,299,1,"3,458","4,388","3,763","4,291","4,170","4,082","3,960","2,761","3,896","3,719","3,413","3,416","3,106","2,704","1,988","2,540","2,795","2,537","2,301","1,713","1,823","1,416","1,707","1,352","1,158",834,455,6,18,4,0,"2,623","4,120","4,096","3,889","2,812","4,432","4,387","4,331","4,039","3,526","3,838","2,652","3,388","3,411","3,295","3,179","2,773","2,527","2,023","2,323","2,429","2,005","1,984","1,555","1,187",983,"1,171",705,422,0,0,0,0,0,0,0,0,0,0,0,0,0,0
,Online hours,"1,136,039","589,324",51.88%,0,"40,377","41,731","24,106","37,257","40,704","39,323","41,698","41,572","42,136","27,388","42,455","41,180","40,849","41,168","38,620","41,318","24,356","38,145","32,252","39,505","40,310","41,332","42,072","24,146","37,729","41,945","38,017","42,381","39,224","39,450","23,826","36,933","41,115","40,851","41,356","41,244","41,908","23,949","37,029","40,801","42,184","42,376","43,808","42,005","22,893","24,176","17,699","19,387","38,628","39,990","34,403","22,965","38,957","41,931","41,721","41,981","41,829","43,577","23,682","37,295","41,185","41,514","42,963","41,632","41,902","23,668","37,375","42,020","41,154","41,280","41,103","42,442","25,515","41,320","40,950","40,742","40,954",0,0,0,0,0,0,0,0,0,0,0,0,0
,FT,"541,175","274,238",50.67%,0,"17,358","18,127","10,574","16,114","17,397","17,143","18,165","17,874","18,210","12,621","18,644","18,196","18,350","18,689","17,848","18,930","11,020","17,545","15,618","18,170","18,606","18,884","19,505","11,205","17,804","19,449","18,175","19,850","18,853","19,132","11,496","18,070","19,913","19,736","19,859","19,958","20,213","11,722","18,443","20,128","20,656","20,711","21,571","21,115","11,790","12,723","9,255","8,390","16,139","16,539","14,521","9,870","16,365","17,542","17,170","17,581","17,787","18,426","10,066","15,574","17,551","17,664","18,293","17,883","18,195","10,329","16,693","18,445","18,334","18,401","18,392","19,286","11,883","18,641","18,600","18,627","19,038",0,0,0,0,0,0,0,0,0,0,0,0,0
,PT,"433,072","271,434",62.68%,0,"16,662","17,409","9,602","15,519","17,407","16,647","17,520","17,975","18,612","11,239","18,776","18,188","17,883","18,231","16,914","18,743","8,703","14,043","11,052","14,513","14,817","15,432","15,730","8,660","13,741","15,627","13,992","16,153","14,710","14,649","8,611","13,508","15,326","15,310","15,728","16,216","16,619","8,968","13,983","15,980","16,729","17,213","18,058","16,925","8,753","9,186","6,693","7,151","15,447","16,124","13,352","8,473","15,154","16,722","16,680","16,699","16,636","17,474","8,978","14,930","16,532","16,593","17,366","16,943","17,116","9,299","14,811","17,044","16,605","16,565","16,799","17,424","9,881","16,933","16,925","17,068","17,018",0,0,0,0,0,0,0,0,0,0,0,0,0
,NLM,"73,432","43,651",59.44%,0,"2,508","2,559","1,682","2,465","2,437","2,614","2,930","2,784","2,913","1,994","2,941","2,899","2,975","3,022","3,032","3,161","1,473","2,025","1,648","2,092","2,183","2,361","2,375","1,551","2,147","2,383","2,116","2,467","2,223","2,350","1,640","2,310","2,577","2,623","2,735","2,516","2,668","1,854","2,545","2,831","2,914","2,903","3,083","3,287","2,152","2,110","1,675","1,319","2,743","2,835","2,603","1,874","2,956","2,960","3,119","3,229","3,136","3,192","2,060","3,000","3,257","3,398","3,687","3,419","3,545","2,163","3,246","3,579","3,642","3,742","3,816","3,964","2,709","4,283","4,183","4,102","4,274",0,0,0,0,0,0,0,0,0,0,0,0,0
,Return,"29,984","11,813",39.40%,0,999,972,610,873,"1,012",865,941,886,826,539,762,643,534,501,339,222,870,"1,313","1,121","1,422","1,434","1,477","1,470",915,"1,244","1,380","1,037","1,271","1,153","1,196",707,"1,032","1,112","1,074","1,102",970,930,481,675,666,732,613,541,431,187,145,66,747,"1,281","1,403","1,122",703,"1,247","1,390","1,328","1,262","1,308","1,359",697,"1,102","1,091","1,094","1,075","1,004",925,454,817,916,805,816,641,592,366,462,385,345,249,0,0,0,0,0,0,0,0,0,0,0,0,0
,NIM,"58,376","26,496",45.39%,0,"2,851","2,664","1,638","2,285","2,451","2,054","2,141","2,053","1,575",995,"1,333","1,254","1,106",725,487,261,"2,290","3,219","2,813","3,308","3,271","3,178","2,992","1,815","2,794","3,106","2,697","2,640","2,284","2,123","1,372","2,014","2,187","2,107","1,931","1,584","1,478",924,"1,383","1,195","1,152",935,555,247,11,11,9,"1,781","3,017","3,089","2,804","2,046","3,236","3,317","3,423","3,210","2,962","3,126","1,880","2,689","2,754","2,766","2,542","2,382","2,121","1,423","1,808","2,036","1,767","1,756","1,455","1,175",677,"1,000",856,600,375,0,0,0,0,0,0,0,0,0,0,0,0,0
,NID,"5,341","3,798",71.11%,0,231,307,30,125,315,286,295,375,356,11,162,254,302,245,227,250,3,52,131,199,265,295,228,24,37,320,240,247,200,197,16,195,191,254,259,280,197,12,201,235,271,295,229,244,3,9,9,18,109,147,9,10,102,163,200,145,219,212,5,125,219,302,192,257,248,30,144,234,242,244,288,255,13,154,279,237,375,0,0,0,0,0,0,0,0,0,0,0,0,0
,NIM,"53,035","22,698",42.80%,0,"2,620","2,357","1,609","2,160","2,136","1,768","1,846","1,678","1,218",984,"1,171","1,000",804,479,260,11,"2,287","3,167","2,682","3,109","3,006","2,883","2,764","1,791","2,757","2,787","2,458","2,393","2,084","1,927","1,355","1,819","1,996","1,854","1,672","1,304","1,282",912,"1,182",960,881,640,326,4,8,2,0,"1,763","2,909","2,941","2,795","2,036","3,134","3,155","3,223","3,065","2,743","2,914","1,876","2,564","2,534","2,464","2,350","2,125","1,873","1,393","1,664","1,802","1,526","1,512","1,167",920,663,847,577,362,0,0,0,0,0,0,0,0,0,0,0,0,0,0
,Productivity,110.4,64.1,0.6,,8.2,9.0,8.5,8.2,8.3,8.1,8.4,7.9,8.4,8.5,9.3,8.0,7.7,7.9,7.9,8.9,8.2,8.2,8.5,7.9,8.0,8.1,8.8,8.2,8.1,7.9,8.2,8.2,8.0,8.1,7.9,8.1,8.3,7.8,7.8,7.8,8.5,8.3,8.0,8.2,8.1,8.7,9.3,8.8,8.5,8.0,8.2,7.9,8.7,8.2,7.9,7.8,8.7,8.4,7.8,7.7,7.6,8.4,8.0,7.9,7.9,8.0,8.1,7.6,8.2,8.2,8.2,8.1,7.7,7.7,7.7,8.5,8.6,9.1,7.9,7.7,7.8,,,,,,,,,,,,,
,FT,252.1,146.6,0.6,,11.4,12.4,10.7,10.9,11.3,11.0,11.7,11.0,11.6,11.0,12.8,11.1,10.9,11.1,10.8,12.4,10.0,10.6,11.2,10.5,10.7,11.0,11.8,10.1,10.6,10.6,11.0,11.1,10.7,11.0,9.7,10.7,11.2,10.7,10.6,10.5,11.5,10.4,10.5,11.0,11.1,11.8,12.7,12.0,10.6,10.2,10.1,10.0,11.6,11.2,10.5,9.7,11.7,11.5,10.6,10.3,10.4,11.3,9.9,10.2,10.7,10.9,11.0,10.3,11.2,10.3,10.8,11.1,10.6,10.6,10.6,11.8,10.9,12.1,10.7,10.5,10.8,,,,,,,,,,,,,
,PT,79.8,51.2,0.6,,6.5,7.1,7.1,6.7,6.8,6.6,6.6,6.3,6.7,7.0,7.4,6.3,6.0,6.2,6.2,7.1,6.8,6.6,6.7,6.2,6.2,6.3,6.9,6.8,6.3,6.2,6.4,6.4,6.2,6.2,6.5,6.3,6.4,6.0,6.0,6.2,6.7,6.7,6.2,6.4,6.2,6.8,7.2,6.7,6.6,6.2,6.4,6.3,7.1,6.4,6.4,6.5,7.0,6.8,6.2,6.2,6.1,6.8,6.6,6.5,6.4,6.4,6.5,6.2,6.6,6.7,6.5,6.5,6.1,6.1,6.1,6.7,6.8,7.3,6.3,6.1,6.1,,,,,,,,,,,,,
,NLM,85.9,54.7,0.6,,8.3,8.6,7.9,7.8,8.0,7.7,8.3,7.6,8.2,8.2,9.0,7.5,7.7,7.8,7.7,8.0,8.4,7.8,7.9,7.4,7.9,8.2,8.3,7.9,7.9,7.6,8.0,7.8,7.0,7.5,7.8,7.8,7.5,7.0,7.1,7.1,7.6,8.0,7.7,7.6,7.4,8.1,8.9,7.9,9.0,8.0,8.2,8.0,8.6,8.3,7.7,8.4,8.8,8.1,7.7,7.6,7.4,8.2,8.4,7.9,7.6,7.6,7.7,6.9,7.6,8.2,8.0,7.7,7.4,7.4,7.1,8.0,8.2,8.9,7.5,7.5,7.4,,,,,,,,,,,,,
,Return,36.5,24.0,0.7,,6.8,7.4,7.5,6.9,6.6,7.1,6.8,6.8,7.2,6.5,7.7,6.7,6.1,6.1,5.7,5.6,6.9,7.0,6.6,6.5,6.7,6.9,7.4,7.0,6.6,6.8,6.9,6.7,6.7,6.9,6.5,6.8,6.7,6.1,6.4,5.9,6.3,7.0,6.5,6.4,6.6,6.4,6.4,6.6,5.4,5.1,4.7,7.2,7.2,6.9,6.9,6.4,7.4,7.0,6.6,6.9,6.2,6.9,7.1,6.9,6.3,6.8,6.8,6.1,6.6,6.7,6.6,6.8,6.0,6.4,6.2,6.5,7.3,6.8,6.0,5.7,5.7,,,,,,,,,,,,,
,NIM,50.0,31.6,0.6,,7.3,7.7,8.3,7.3,7.4,6.9,7.3,6.9,6.6,7.8,7.3,6.4,6.1,5.4,5.4,4.6,8.1,7.7,7.5,7.4,7.1,7.1,7.8,8.2,7.6,6.8,7.1,7.3,7.4,7.1,7.7,7.2,7.5,7.2,6.7,6.2,7.1,8.0,7.5,6.9,6.8,6.7,6.0,4.3,8.0,4.0,4.0,8.0,8.1,7.8,7.5,7.0,7.7,7.6,7.2,7.0,6.5,7.4,7.5,7.3,6.9,7.0,7.1,6.6,6.8,7.7,7.2,7.0,6.3,6.3,5.9,6.0,8.5,7.4,5.4,5.1,4.2,,,,,,,,,,,,,
,NID,,,,,3.9,4.0,6.4,4.4,4.4,4.5,5.0,4.6,4.3,3.6,4.4,3.5,4.7,3.5,4.1,4.6,1.7,4.1,3.5,4.2,4.1,3.6,4.5,8.5,3.6,4.0,4.1,4.2,4.2,3.8,4.0,4.5,3.9,5.2,3.9,4.0,4.2,6.0,4.9,4.5,5.0,4.5,4.3,4.2,6.0,4.0,4.0,4.8,3.9,4.5,13.0,5.0,5.0,4.7,3.6,3.5,3.8,4.4,2.7,4.4,4.3,4.3,3.8,3.9,3.7,4.3,4.6,3.7,3.6,4.1,3.4,3.7,3.5,4.7,3.7,3.8,4.2,,,,,,,,,,,,,
,NIM,,,,,7.9,8.6,8.3,7.6,8.1,7.5,7.9,7.7,7.9,7.9,8.1,7.7,7.0,7.3,7.3,1.0,8.1,7.8,7.9,7.8,7.6,7.7,8.2,8.2,7.7,7.3,7.6,7.9,8.0,7.8,7.7,7.6,8.1,7.6,7.4,7.0,7.8,8.0,8.1,7.9,7.7,8.8,8.3,6.0,9.0,4.0,,8.0,8.3,8.1,7.5,7.0,7.8,7.8,7.5,7.4,6.9,7.7,7.5,7.5,7.3,7.6,7.5,7.1,7.5,7.8,7.5,7.7,7.1,6.8,6.9,7.3,8.8,8.2,6.8,6.4,,,,,,,,,,,,,,
,Online/Driver,77.2,45.2,0.6,,5.8,6.1,5.5,5.8,5.9,5.8,5.9,5.8,6.0,5.7,6.2,5.8,5.8,5.8,5.8,6.0,5.4,5.8,5.7,5.7,5.7,5.7,6.0,5.3,5.7,5.8,5.7,5.8,5.6,5.8,5.3,5.7,5.8,5.7,5.7,5.7,5.9,5.3,5.6,5.8,5.8,5.9,6.1,6.1,5.6,5.6,5.4,5.3,5.9,5.9,5.7,5.3,6.0,5.9,5.8,5.8,5.8,6.1,5.4,5.8,5.9,5.8,6.0,5.8,5.9,5.4,5.8,5.9,5.8,5.8,5.8,6.1,5.7,6.2,5.9,5.8,5.8,,,,,,,,,,,,,
,FT,172.5,101.3,0.6,,7.9,8.2,7.0,7.6,7.9,7.7,8.1,7.9,8.1,7.3,8.3,8.0,8.0,7.9,7.7,8.2,6.6,7.4,7.3,7.4,7.5,7.6,7.8,6.5,7.4,7.7,7.4,7.7,7.5,7.6,6.4,7.3,7.7,7.6,7.6,7.6,7.8,6.6,7.3,7.6,7.8,7.8,8.0,8.1,7.0,6.9,6.5,6.5,7.7,7.7,7.4,6.4,7.7,7.9,7.8,7.8,7.8,8.1,6.7,7.4,7.8,7.7,8.0,7.8,8.0,6.7,7.6,7.9,7.8,7.9,7.9,8.2,7.1,8.1,7.9,7.8,7.9,,,,,,,,,,,,,
,PT,57.1,36.9,0.6,,4.7,5.0,4.5,4.8,4.9,4.7,4.8,4.7,4.8,4.6,5.0,4.7,4.6,4.6,4.6,4.9,4.6,4.7,4.5,4.6,4.6,4.6,4.8,4.4,4.6,4.7,4.5,4.6,4.5,4.6,4.3,4.5,4.6,4.4,4.4,4.6,4.7,4.3,4.4,4.6,4.6,4.7,4.8,4.7,4.5,4.4,4.4,4.4,4.9,4.8,4.7,4.4,4.9,4.8,4.8,4.7,4.8,5.1,4.5,4.9,4.9,4.8,4.9,4.7,4.8,4.5,4.8,4.8,4.7,4.7,4.7,5.0,4.7,5.0,4.8,4.7,4.6,,,,,,,,,,,,,
,NLM,60.5,38.6,0.6,,5.8,5.8,5.0,5.6,5.6,5.4,5.8,5.5,5.9,5.5,6.0,5.6,5.6,5.5,5.7,5.6,5.3,5.4,5.6,5.4,5.6,5.7,5.8,5.0,5.4,5.5,5.5,5.5,5.1,5.5,5.3,5.6,5.4,5.1,5.3,5.2,5.4,5.1,5.3,5.4,5.4,5.7,5.9,5.6,5.9,5.7,5.6,5.2,5.8,5.8,5.5,5.4,5.9,5.6,5.6,5.5,5.4,5.9,5.4,5.5,5.5,5.5,5.4,5.0,5.5,5.2,5.5,5.5,5.3,5.2,5.3,5.7,5.4,5.9,5.4,5.3,5.3,,,,,,,,,,,,,
,Return,26.3,17.1,0.7,,4.7,5.0,4.7,5.1,5.0,4.9,4.9,4.8,5.1,4.8,5.2,5.0,4.6,4.7,4.4,4.0,4.7,5.0,4.7,4.9,4.9,5.0,5.1,4.9,4.8,4.9,4.6,4.8,4.7,4.7,4.5,4.8,5.0,4.6,4.8,4.6,4.6,4.5,4.6,4.4,4.5,4.3,4.4,4.6,3.7,3.8,2.9,4.9,5.2,5.2,5.1,4.7,5.4,5.2,5.1,5.2,5.0,5.3,5.1,5.4,4.9,4.9,5.3,5.2,5.0,4.5,5.2,5.1,4.8,4.8,4.9,4.8,4.7,4.7,4.7,4.4,4.2,,,,,,,,,,,,,
,NIM,35.9,23.1,0.6,,5.2,5.4,5.5,5.4,5.3,5.2,5.2,5.1,4.9,5.3,5.2,4.8,5.0,4.1,4.8,3.8,5.4,5.6,5.3,5.4,5.2,5.1,5.5,5.3,5.3,5.1,5.2,5.2,5.0,5.1,5.3,5.2,5.5,5.3,4.9,4.8,5.1,5.2,5.3,5.0,5.2,5.1,4.3,3.6,3.8,5.3,1.8,5.3,5.7,5.6,5.4,5.1,5.5,5.5,5.4,5.4,5.1,5.6,5.3,5.6,5.2,5.3,5.3,5.1,5.1,5.3,5.2,5.2,4.9,4.9,4.6,4.7,5.7,5.4,4.5,4.5,3.5,,,,,,,,,,,,,
,NID,,,,,3.0,3.1,4.2,3.2,3.5,3.5,3.7,3.6,3.1,2.2,3.1,3.1,3.6,2.7,3.7,3.7,1.1,3.7,2.6,3.0,3.4,3.0,3.5,5.9,2.5,3.2,3.3,3.1,2.9,3.0,5.4,3.6,3.3,4.2,3.3,3.3,3.4,4.1,4.0,3.5,3.9,3.4,3.1,3.6,3.3,8.9,1.8,3.0,3.3,3.6,9.1,5.0,4.1,3.5,3.2,2.8,3.3,3.4,1.6,4.0,3.6,3.6,3.2,3.6,3.3,3.7,3.8,3.2,3.1,3.5,3.2,2.9,2.2,3.7,3.1,3.5,3.5,,,,,,,,,,,,,
,NIM,,,,,5.6,6.0,5.6,5.7,5.8,5.6,5.6,5.7,5.9,5.4,5.8,5.7,5.9,5.6,6.3,10.7,5.4,5.6,5.6,5.6,5.5,5.5,5.7,5.3,5.4,5.5,5.5,5.5,5.4,5.5,5.3,5.4,5.8,5.5,5.4,5.3,5.5,5.2,5.6,5.6,5.8,6.7,5.9,3.6,4.0,1.6,,5.4,5.9,5.8,5.4,5.1,5.5,5.6,5.6,5.6,5.4,5.9,5.3,5.7,5.4,5.7,5.6,5.4,5.5,5.4,5.3,5.7,5.4,5.2,5.2,5.6,5.9,5.9,5.6,5.5,,,,,,,,,,,,,,
,Prod/Onlinehour,1.43,1.42,0.99,,1.41,1.47,1.55,1.41,1.41,1.41,1.41,1.37,1.41,1.50,1.50,1.37,1.34,1.37,1.37,1.47,1.51,1.41,1.50,1.38,1.39,1.41,1.47,1.55,1.41,1.35,1.45,1.41,1.42,1.41,1.50,1.43,1.42,1.38,1.37,1.36,1.44,1.56,1.42,1.41,1.39,1.47,1.54,1.45,1.51,1.44,1.50,1.49,1.47,1.40,1.39,1.48,1.47,1.43,1.34,1.33,1.30,1.37,1.47,1.36,1.34,1.37,1.36,1.31,1.38,1.51,1.40,1.37,1.33,1.33,1.32,1.39,1.51,1.48,1.34,1.33,1.35,,,,,,,,,,,,,
,FT,1.46,1.45,0.99,,1.44,1.51,1.53,1.43,1.43,1.43,1.45,1.40,1.44,1.51,1.54,1.39,1.37,1.40,1.40,1.51,1.52,1.43,1.54,1.42,1.42,1.45,1.51,1.56,1.44,1.38,1.47,1.44,1.44,1.44,1.51,1.46,1.46,1.41,1.38,1.38,1.47,1.58,1.44,1.44,1.42,1.51,1.59,1.49,1.52,1.48,1.54,1.53,1.51,1.45,1.41,1.51,1.51,1.46,1.37,1.33,1.33,1.40,1.49,1.38,1.37,1.40,1.38,1.33,1.40,1.53,1.42,1.40,1.35,1.34,1.35,1.44,1.55,1.50,1.35,1.35,1.37,,,,,,,,,,,,,
,PT,1.40,1.39,0.99,,1.37,1.43,1.57,1.41,1.39,1.40,1.38,1.35,1.38,1.51,1.47,1.35,1.32,1.34,1.34,1.45,1.49,1.39,1.48,1.35,1.36,1.37,1.44,1.55,1.38,1.32,1.42,1.38,1.39,1.36,1.51,1.41,1.39,1.36,1.35,1.35,1.42,1.55,1.39,1.39,1.37,1.44,1.50,1.41,1.49,1.41,1.45,1.43,1.45,1.35,1.36,1.47,1.44,1.40,1.30,1.31,1.27,1.35,1.46,1.33,1.32,1.35,1.34,1.30,1.36,1.50,1.38,1.35,1.31,1.30,1.30,1.35,1.47,1.46,1.32,1.31,1.33,,,,,,,,,,,,,
,NLM,1.42,1.42,1.00,,1.44,1.49,1.58,1.40,1.43,1.41,1.42,1.38,1.37,1.48,1.50,1.34,1.38,1.42,1.36,1.43,1.58,1.44,1.41,1.36,1.40,1.44,1.44,1.60,1.46,1.38,1.46,1.43,1.37,1.38,1.47,1.39,1.39,1.38,1.34,1.36,1.41,1.55,1.45,1.39,1.37,1.43,1.52,1.40,1.52,1.40,1.47,1.55,1.49,1.43,1.40,1.57,1.49,1.45,1.39,1.40,1.36,1.39,1.54,1.43,1.37,1.39,1.41,1.37,1.39,1.58,1.46,1.40,1.40,1.41,1.35,1.42,1.53,1.51,1.38,1.40,1.39,,,,,,,,,,,,,
,Return,1.39,1.40,1.01,,1.43,1.47,1.58,1.37,1.34,1.45,1.39,1.40,1.43,1.37,1.48,1.35,1.34,1.31,1.29,1.42,1.46,1.40,1.40,1.32,1.35,1.39,1.44,1.42,1.37,1.38,1.49,1.40,1.44,1.49,1.43,1.42,1.35,1.34,1.33,1.31,1.38,1.54,1.40,1.45,1.45,1.47,1.46,1.44,1.47,1.34,1.62,1.47,1.37,1.31,1.34,1.35,1.37,1.36,1.28,1.33,1.25,1.31,1.38,1.28,1.29,1.37,1.29,1.17,1.33,1.47,1.27,1.32,1.25,1.33,1.26,1.35,1.55,1.47,1.26,1.31,1.36,,,,,,,,,,,,,
,NIM,1.39,1.37,0.98,,1.40,1.42,1.50,1.35,1.38,1.32,1.40,1.35,1.36,1.45,1.40,1.32,1.22,1.31,1.13,1.19,1.51,1.38,1.40,1.38,1.37,1.40,1.42,1.54,1.41,1.33,1.38,1.42,1.49,1.39,1.46,1.38,1.38,1.35,1.35,1.30,1.39,1.55,1.41,1.38,1.31,1.31,1.38,1.19,2.10,0.76,2.16,1.49,1.41,1.39,1.39,1.38,1.41,1.39,1.33,1.31,1.28,1.31,1.41,1.31,1.33,1.32,1.34,1.28,1.32,1.45,1.38,1.33,1.29,1.29,1.28,1.28,1.48,1.37,1.21,1.14,1.21,,,,,,,,,,,,,
,NID,,,,,1.30,1.27,1.53,1.38,1.25,1.28,1.36,1.28,1.40,1.61,1.44,1.15,1.28,1.28,1.11,1.24,1.58,1.10,1.34,1.43,1.21,1.20,1.30,1.44,1.46,1.26,1.23,1.33,1.44,1.27,0.74,1.24,1.19,1.23,1.19,1.21,1.21,1.47,1.23,1.28,1.28,1.33,1.36,1.18,1.80,0.45,2.16,1.62,1.18,1.26,1.44,1.00,1.22,1.37,1.11,1.21,1.15,1.29,1.64,1.09,1.21,1.20,1.19,1.08,1.13,1.14,1.21,1.15,1.17,1.17,1.05,1.26,1.61,1.28,1.18,1.10,1.21,,,,,,,,,,,,,
,NIM,,,,,1.41,1.44,1.50,1.35,1.40,1.32,1.40,1.36,1.35,1.45,1.39,1.36,1.19,1.32,1.15,0.09,1.51,1.39,1.40,1.38,1.39,1.42,1.43,1.54,1.41,1.33,1.39,1.43,1.49,1.40,1.47,1.40,1.40,1.37,1.38,1.31,1.42,1.55,1.44,1.41,1.31,1.30,1.40,1.69,2.22,2.48,,1.49,1.42,1.39,1.39,1.38,1.41,1.39,1.34,1.32,1.29,1.32,1.41,1.32,1.35,1.34,1.35,1.31,1.35,1.45,1.40,1.35,1.31,1.31,1.33,1.29,1.48,1.38,1.22,1.16,,,,,,,,,,,,,,
,Active actual,"14,709","11,199",76.14%,0,"6,912","6,833","4,395","6,389","6,880","6,798","7,018","7,191","7,072","4,828","6,880","7,053","7,076","7,118","6,678","6,833","4,478","6,566","5,642","6,907","7,016","7,203","7,023","4,550","6,602","7,189","6,677","7,286","6,956","6,819","4,509","6,488","7,035","7,206","7,285","7,184","7,115","4,490","6,555","7,038","7,245","7,175","7,226","6,933","4,068","4,329","3,250","3,662","6,503","6,830","6,010","4,357","6,542","7,086","7,159","7,218","7,182","7,095","4,364","6,403","6,988","7,127","7,220","7,218","7,058","4,396","6,397","7,074","7,109","7,133","7,083","6,923","4,497","6,697","6,953","7,018","7,067",0,0,0,0,0,0,0,0,0,0,0,0,0
,FT,"3,138","2,706",86.23%,0,"2,203","2,207","1,510","2,111","2,211","2,226","2,251","2,261","2,257","1,737","2,238","2,274","2,303","2,353","2,311","2,308","1,677","2,382","2,154","2,449","2,465","2,493","2,492","1,734","2,419","2,528","2,440","2,563","2,525","2,514","1,795","2,473","2,593","2,598","2,597","2,624","2,584","1,781","2,515","2,640","2,646","2,661","2,699","2,621","1,693","1,846","1,416","1,288","2,105","2,138","1,961","1,534","2,116","2,227","2,210","2,261","2,286","2,277","1,510","2,112","2,246","2,280","2,291","2,307","2,277","1,537","2,187","2,329","2,339","2,330","2,340","2,348","1,681","2,298","2,362","2,377","2,397",0,0,0,0,0,0,0,0,0,0,0,0,0
G,active_1h,,,,0,"1,823","1,803","1,277","1,779","1,882","1,901","1,926","1,932","1,861","1,360","1,805","1,948","1,971","2,006","1,916","1,903","1,389","1,899","1,761","2,012","2,051","1,951","1,949","1,459","1,951","2,030","1,969","2,076","2,012","2,009","1,411","1,902","2,017","2,103","2,100","2,116","2,056","1,444","1,984","2,130","2,053","2,036","2,043","2,068","1,362","1,434","1,092","1,248","2,080","2,105","1,885","1,437","1,985","2,183","2,163","2,183","2,236","2,176","1,505","2,046","2,198","2,128","2,182",0,0,0,0,0,0,0,0,0,0,0,0,0,0,0,0,0,0,0,0,0,0,0,0,0,0,0
J,,BIKE,,,0,"1,729","1,723","1,223","1,702","1,821","1,835","1,853","1,873","1,805","1,307","1,712","1,899","1,910","1,950","1,838","1,842","1,332","1,821","1,662","1,961","1,994","1,891","1,887","1,411","1,890","1,987","1,905","2,022","1,964","1,940","1,356","1,839","1,953","2,050","2,049","2,072","2,001","1,396","1,933","2,059","1,980","1,958","1,962","2,008","1,321","1,377","1,056","1,209","2,036","2,072","1,830","1,392","1,923","2,116","2,115","2,132","2,187","2,118","1,460","1,979","2,134","2,076","2,103",0,0,0,0,0,0,0,0,0,0,0,0,0,0,0,0,0,0,0,0,0,0,0,0,0,0,0
K,,ECO,,,0,"1,241","1,256",855,"1,161","1,230","1,200","1,210","1,168","1,177",941,"1,213","1,170","1,198","1,228","1,055","1,162",855,"1,147","1,060","1,162","1,229","1,201","1,247",856,"1,123","1,121","1,179","1,238","1,238","1,197",890,"1,155","1,303","1,218","1,229","1,160","1,202",859,"1,135","1,202","1,186","1,338","1,431","1,291",878,887,684,807,"1,192","1,218","1,086",896,"1,238","1,262","1,263","1,320","1,287","1,320",880,"1,188","1,282","1,299","1,379",0,0,0,0,0,0,0,0,0,0,0,0,0,0,0,0,0,0,0,0,0,0,0,0,0,0,0
L,,AIBOT,,,0,0,0,0,0,0,0,0,0,0,0,0,0,0,0,0,0,0,0,0,0,0,0,0,0,0,0,0,0,0,0,0,0,0,0,0,0,0,0,0,0,0,0,0,0,0,0,0,0,0,0,0,0,0,0,0,0,0,0,0,0,0,0,0,0,0,0,0,0,0,0,0,0,0,0,0,0,0,0,0,0,0,0,0,0,0,0,0,0,0,0
N,,AIFOOD,,,0,0,0,1,0,2,0,0,1,0,0,0,0,0,1,1,0,0,1,0,0,0,0,0,1,0,0,1,0,0,1,0,1,0,0,1,0,0,1,0,0,1,0,0,2,0,0,0,0,0,1,1,4,1,0,3,3,3,2,5,2,3,4,4,0,0,0,0,0,0,0,0,0,0,0,0,0,0,0,0,0,0,0,0,0,0,0,0,0,0,0
H,active_2h,,,,0,"1,133","1,200",640,"1,033","1,107","1,133","1,312","1,279","1,325",994,"1,444","1,231","1,248","1,247","1,297","1,438",860,"1,298","1,223","1,275","1,313","1,395","1,468",807,"1,275","1,338","1,282","1,415","1,318","1,306",865,"1,352","1,404","1,385","1,405","1,388","1,447",855,"1,292","1,415","1,559","1,556","1,615","1,484",787,921,652,632,"1,263","1,417","1,346",877,"1,497","1,465","1,491","1,479","1,453","1,594",869,"1,359","1,476","1,651","1,700",0,0,0,0,0,0,0,0,0,0,0,0,0,0,0,0,0,0,0,0,0,0,0,0,0,0,0
M,,POOL,,,0,0,0,0,0,0,0,0,0,0,0,0,0,0,0,0,0,0,0,0,0,0,0,0,0,0,0,0,0,0,0,0,0,0,0,0,0,0,0,0,0,0,0,0,0,0,0,0,0,0,0,0,0,0,0,0,0,0,0,0,0,0,0,0,0,0,0,0,0,0,0,0,0,0,0,0,0,0,0,0,0,0,0,0,0,0,0,0,0,0,0
P,,2H,,,0,810,887,552,840,915,952,"1,104","1,087",978,770,"1,187","1,015","1,039","1,020","1,097","1,240",802,"1,162","1,090","1,067","1,101","1,097","1,185",727,"1,098","1,158","1,085","1,219","1,106","1,080",692,"1,043","1,098","1,164","1,193","1,157","1,166",743,"1,099","1,215","1,253","1,190","1,237","1,272",677,775,567,591,"1,111","1,236","1,187",787,"1,244","1,290","1,292","1,278","1,215","1,345",795,"1,207","1,310","1,365","1,421",0,0,0,0,0,0,0,0,0,0,0,0,0,0,0,0,0,0,0,0,0,0,0,0,0,0,0
Q,,2H_BULKY,,,0,450,447,169,353,364,390,450,444,522,294,515,432,445,418,453,466,137,344,276,417,444,487,522,175,371,406,383,465,425,482,233,481,479,455,458,482,558,221,405,421,493,596,665,488,213,314,174,93,355,421,422,200,467,380,440,453,503,579,180,361,405,502,515,0,0,0,0,0,0,0,0,0,0,0,0,0,0,0,0,0,0,0,0,0,0,0,0,0,0,0
O,,TMDT,,,0,61,64,0,0,0,1,0,1,67,68,67,0,0,0,0,0,0,0,0,0,1,69,72,0,0,0,0,0,0,0,62,73,79,0,1,1,0,0,0,0,73,68,75,0,0,0,0,0,0,1,0,0,75,0,2,0,0,0,1,0,0,79,83,0,0,0,0,0,0,0,0,0,0,0,0,0,0,0,0,0,0,0,0,0,0,0,0,0,0,0
I,active_4h,,,,0,304,280,200,283,312,330,303,310,316,197,284,359,340,350,318,306,205,321,205,359,396,350,360,193,346,376,304,370,353,352,232,338,354,428,406,386,390,249,354,406,425,380,378,447,261,257,176,208,466,464,363,306,432,502,413,452,423,408,231,368,422,416,388,0,0,0,0,0,0,0,0,0,0,0,0,0,0,0,0,0,0,0,0,0,0,0,0,0,0,0
R,,INDAY,,,0,220,230,133,203,220,248,230,228,213,149,192,244,238,250,238,217,126,234,160,236,270,227,244,116,225,270,266,255,250,247,155,230,281,295,285,279,258,163,250,294,286,276,276,273,0,1,1,1,1,0,1,1,29,330,307,307,300,279,165,259,317,301,270,0,0,0,0,0,0,0,0,0,0,0,0,0,0,0,0,0,0,0,0,0,0,0,0,0,0,0
,PT,"7,591","7,363",97.00%,0,"3,516","3,495","2,122","3,244","3,567","3,522","3,663","3,837","3,838","2,432","3,751","3,868","3,906","3,934","3,654","3,835","1,911","2,969","2,431","3,166","3,241","3,370","3,287","1,975","3,007","3,342","3,110","3,495","3,295","3,205","1,988","3,001","3,342","3,458","3,552","3,538","3,542","2,064","3,152","3,488","3,675","3,680","3,749","3,566","1,958","2,074","1,505","1,633","3,149","3,386","2,835","1,923","3,104","3,456","3,495","3,523","3,482","3,458","1,984","3,061","3,401","3,485","3,564","3,573","3,535","2,078","3,115","3,531","3,554","3,560","3,578","3,500","2,118","3,389","3,545","3,659","3,697",0,0,0,0,0,0,0,0,0,0,0,0,0
G,active_1h,,,,0,"2,786","2,805","1,762","2,597","2,854","2,847","2,952","3,019","3,050","1,938","2,861","3,058","3,030","3,107","2,791","2,895","1,807","2,711","2,324","3,052","3,074","3,182","3,074","1,947","2,859","3,155","2,920","3,288","3,157","3,068","1,930","2,888","3,164","3,288","3,305","3,286","3,300","1,967","2,948","3,204","3,350","3,357","3,354","3,267","1,866","1,909","1,384","1,622","3,101","3,309","2,679","1,870","3,001","3,377","3,429","3,423","3,407","3,349","1,957","2,976","3,291","3,343","3,404",0,0,0,0,0,0,0,0,0,0,0,0,0,0,0,0,0,0,0,0,0,0,0,0,0,0,0
J,,BIKE,,,0,"2,600","2,597","1,630","2,452","2,667","2,678","2,782","2,858","2,877","1,800","2,676","2,910","2,863","2,966","2,640","2,739","1,672","2,545","2,168","2,923","2,936","3,008","2,903","1,859","2,716","3,013","2,737","3,104","3,000","2,909","1,814","2,734","2,973","3,138","3,149","3,139","3,144","1,860","2,811","3,063","3,190","3,122","3,100","3,092","1,737","1,797","1,293","1,533","2,970","3,165","2,541","1,769","2,823","3,211","3,253","3,248","3,232","3,211","1,859","2,824","3,119","3,160","3,230",0,0,0,0,0,0,0,0,0,0,0,0,0,0,0,0,0,0,0,0,0,0,0,0,0,0,0
K,,ECO,,,0,"1,597","1,702","1,139","1,452","1,645","1,569","1,622","1,537","1,655","1,182","1,626","1,594","1,546","1,609","1,310","1,506","1,062","1,306","1,146","1,507","1,558","1,648","1,644","1,024","1,378","1,355","1,513","1,732","1,616","1,559","1,072","1,498","1,718","1,548","1,530","1,512","1,617","1,020","1,402","1,500","1,569","1,813","1,998","1,702","1,052",986,779,870,"1,505","1,587","1,294",949,"1,566","1,588","1,651","1,739","1,623","1,642","1,014","1,415","1,595","1,709","1,750",0,0,0,0,0,0,0,0,0,0,0,0,0,0,0,0,0,0,0,0,0,0,0,0,0,0,0
L,,AIBOT,,,0,0,0,0,0,0,0,0,0,0,0,0,0,0,0,0,0,0,0,0,0,0,0,0,0,0,0,0,0,0,0,0,0,0,0,0,0,0,0,0,0,0,0,0,0,0,0,0,0,0,0,0,0,0,0,0,0,0,0,0,0,0,0,0,0,0,0,0,0,0,0,0,0,0,0,0,0,0,0,0,0,0,0,0,0,0,0,0,0,0,0
N,,AIFOOD,,,0,1,1,0,1,0,1,1,0,0,0,0,1,1,0,0,2,0,0,0,2,1,1,1,0,0,0,1,0,0,1,0,0,0,2,1,0,1,1,1,0,0,1,0,0,1,0,0,0,0,0,0,0,0,4,6,6,3,4,0,2,6,5,4,0,0,0,0,0,0,0,0,0,0,0,0,0,0,0,0,0,0,0,0,0,0,0,0,0,0,0
H,active_2h,,,,0,"1,417","1,530",816,"1,284","1,436","1,422","1,710","1,647","1,733","1,107","1,928","1,586","1,553","1,580","1,669","1,914","1,061","1,686","1,342","1,559","1,576","1,848","1,883",963,"1,614","1,757","1,642","1,901","1,654","1,680",995,"1,609","1,661","1,754","1,732","1,763","1,908",973,"1,561","1,827","1,946","2,018","2,123","1,923",939,"1,150",773,730,"1,582","1,830","1,698","1,063","1,886","1,862","1,934","1,916","1,898","2,094","1,110","1,766","1,883","2,112","2,216",0,0,0,0,0,0,0,0,0,0,0,0,0,0,0,0,0,0,0,0,0,0,0,0,0,0,0
M,,POOL,,,0,0,0,0,0,0,0,0,0,0,0,0,0,0,0,0,0,0,0,0,0,0,0,0,0,0,0,0,0,0,0,0,0,0,0,0,0,0,0,0,0,0,0,0,0,0,0,0,0,0,0,0,0,0,0,0,0,0,0,0,0,0,0,2,0,0,0,0,0,0,0,0,0,0,0,0,0,0,0,0,0,0,0,0,0,0,0,0,0,0,0
P,,2H,,,0,"1,153","1,224",734,"1,126","1,236","1,240","1,490","1,440","1,407",926,"1,657","1,380","1,339","1,315","1,446","1,699",989,"1,545","1,225","1,370","1,360","1,540","1,585",882,"1,456","1,573","1,425","1,692","1,440","1,428",868,"1,330","1,408","1,549","1,506","1,540","1,613",863,"1,385","1,630","1,700","1,627","1,738","1,700",823,979,692,669,"1,434","1,658","1,534",960,"1,652","1,695","1,764","1,715","1,690","1,846","1,035","1,618","1,721","1,888","2,002",0,0,0,0,0,0,0,0,0,0,0,0,0,0,0,0,0,0,0,0,0,0,0,0,0,0,0
Q,,2H_BULKY,,,0,419,482,157,288,358,358,449,424,565,306,563,390,422,463,408,492,155,321,240,372,420,533,546,177,348,392,412,479,404,469,215,458,431,410,435,475,578,211,339,389,489,641,724,493,229,330,184,112,318,390,395,220,450,362,360,412,433,524,158,367,401,472,479,0,0,0,0,0,0,0,0,0,0,0,0,0,0,0,0,0,0,0,0,0,0,0,0,0,0,0
O,,TMDT,,,0,22,29,0,1,0,0,0,0,25,27,39,1,0,0,0,0,0,0,0,0,2,26,41,0,0,0,0,0,0,1,22,31,33,0,0,0,0,0,0,0,25,32,30,0,0,1,0,0,0,0,0,0,35,0,0,0,0,0,0,0,0,22,34,0,0,0,0,0,0,0,0,0,0,0,0,0,0,0,0,0,0,0,0,0,0,0,0,0,0,0
I,active_4h,,,,0,273,291,193,296,316,331,303,337,316,200,301,333,369,365,352,305,173,340,188,350,322,372,365,219,316,359,257,369,372,355,247,341,350,363,390,406,373,236,359,383,366,398,412,449,252,246,174,220,445,452,333,256,353,462,436,407,400,384,203,308,367,369,345,0,0,0,0,0,0,0,0,0,0,0,0,0,0,0,0,0,0,0,0,0,0,0,0,0,0,0
R,,INDAY,,,0,188,186,118,186,206,227,206,206,194,133,192,206,233,238,235,192,112,220,153,219,200,191,194,126,185,228,196,218,234,228,153,211,218,232,218,259,237,128,220,245,233,243,282,267,1,0,1,0,0,2,0,1,10,290,265,253,265,223,140,195,248,226,215,0,0,0,0,0,0,0,0,0,0,0,0,0,0,0,0,0,0,0,0,0,0,0,0,0,0,0
,NLM,"1,214","1,130",93.08%,0,436,444,338,442,438,480,503,509,490,360,489,522,531,548,534,566,277,377,295,384,389,416,411,312,395,431,385,451,432,430,310,411,476,519,516,480,493,360,482,521,542,510,526,583,363,369,301,255,477,490,476,350,498,528,558,590,576,544,378,543,590,621,679,681,645,415,589,647,686,714,722,701,502,726,773,769,806,0,0,0,0,0,0,0,0,0,0,0,0,0
G,active_1h,,,,0,321,326,228,349,361,337,327,391,375,286,349,395,392,392,350,362,271,382,321,391,433,401,394,282,385,427,410,466,415,409,302,394,442,468,462,490,455,316,432,470,495,459,446,488,289,275,231,250,460,475,449,332,479,518,549,572,563,520,373,518,561,592,654,0,0,0,0,0,0,0,0,0,0,0,0,0,0,0,0,0,0,0,0,0,0,0,0,0,0,0
J,,BIKE,,,0,305,301,213,331,339,316,305,365,355,260,322,385,376,375,327,342,255,356,300,373,409,382,373,270,368,414,383,450,392,396,292,367,413,443,442,473,431,303,407,444,471,426,417,463,275,259,217,235,439,455,430,314,452,486,513,526,532,493,352,491,531,561,609,0,0,0,0,0,0,0,0,0,0,0,0,0,0,0,0,0,0,0,0,0,0,0,0,0,0,0
K,,ECO,,,0,240,224,167,225,235,245,214,249,234,200,242,229,241,239,195,235,175,219,192,248,264,240,250,186,225,241,251,303,255,246,187,254,281,276,246,262,265,169,246,260,283,301,322,310,184,178,131,170,274,261,254,200,291,296,333,362,337,297,240,309,331,363,408,0,0,0,0,0,0,0,0,0,0,0,0,0,0,0,0,0,0,0,0,0,0,0,0,0,0,0
L,,AIBOT,,,0,0,0,0,0,0,0,0,0,0,0,0,0,0,0,0,0,0,0,0,0,0,0,0,0,0,0,0,0,0,0,0,0,0,0,0,0,0,0,0,0,0,0,0,0,0,0,0,0,0,0,0,0,0,0,0,0,0,0,0,0,0,0,0,0,0,0,0,0,0,0,0,0,0,0,0,0,0,0,0,0,0,0,0,0,0,0,0,0,0,0
N,,AIFOOD,,,0,0,0,0,0,0,0,0,0,0,0,0,0,0,0,0,0,0,0,0,0,0,0,0,0,0,0,0,0,0,0,0,0,0,0,0,0,0,0,0,0,0,0,0,0,0,0,0,0,0,1,0,2,0,1,0,1,0,2,1,0,2,1,0,0,0,0,0,0,0,0,0,0,0,0,0,0,0,0,0,0,0,0,0,0,0,0,0,0,0,0
H,active_2h,,,,0,201,215,117,220,216,203,217,259,237,204,290,237,222,231,229,269,171,260,224,221,251,255,274,153,248,259,235,306,255,272,171,258,297,297,300,299,312,195,283,304,327,338,355,334,185,195,152,139,287,317,327,225,333,325,358,400,367,389,254,348,398,414,461,0,0,0,0,0,0,0,0,0,0,0,0,0,0,0,0,0,0,0,0,0,0,0,0,0,0,0
M,,POOL,,,0,0,0,0,0,0,0,0,0,0,0,0,0,0,0,0,0,0,0,0,0,0,0,0,0,0,0,0,0,0,0,0,0,0,0,0,0,0,0,0,0,0,0,0,0,0,0,0,0,0,0,0,0,0,0,0,0,0,0,0,0,0,0,0,0,0,0,0,0,0,0,0,0,0,0,0,0,0,0,0,0,0,0,0,0,0,0,0,0,0,0
P,,2H,,,0,148,165,102,181,168,163,171,222,184,153,252,195,184,181,196,231,156,236,202,190,206,219,228,139,213,227,209,255,222,230,142,211,246,248,239,252,264,155,247,261,274,282,268,278,153,157,124,123,252,275,288,198,290,298,314,357,325,330,226,310,351,374,411,0,0,0,0,0,0,0,0,0,0,0,0,0,0,0,0,0,0,0,0,0,0,0,0,0,0,0
Q,,2H_BULKY,,,0,88,91,29,67,84,76,87,93,103,79,124,98,88,87,76,94,36,74,57,63,89,81,103,36,75,70,69,115,74,96,55,92,106,108,100,109,119,61,78,102,109,151,164,121,64,86,60,31,71,102,109,71,111,72,109,98,98,126,61,92,108,114,125,0,0,0,0,0,0,0,0,0,0,0,0,0,0,0,0,0,0,0,0,0,0,0,0,0,0,0
O,,TMDT,,,0,3,3,0,0,0,0,0,0,4,4,5,0,0,0,0,0,0,0,0,0,0,2,4,0,0,0,0,0,0,0,1,2,3,0,0,0,0,0,0,0,2,2,4,0,0,0,0,0,0,0,0,0,3,0,0,0,0,0,0,0,0,5,4,0,0,0,0,0,0,0,0,0,0,0,0,0,0,0,0,0,0,0,0,0,0,0,0,0,0,0
I,active_4h,,,,0,53,55,40,57,56,72,49,65,54,42,58,76,60,54,65,57,44,63,35,63,66,59,63,52,64,79,56,69,81,62,50,69,70,83,80,99,73,35,83,93,87,89,86,93,67,49,34,48,94,89,84,81,101,109,103,86,96,79,75,80,86,75,90,0,0,0,0,0,0,0,0,0,0,0,0,0,0,0,0,0,0,0,0,0,0,0,0,0,0,0
R,,INDAY,,,0,30,41,21,43,40,41,35,42,38,25,39,50,37,38,46,41,31,44,41,41,35,31,43,33,36,46,53,56,55,40,29,47,49,53,55,67,51,30,59,56,60,62,65,54,0,0,0,0,0,0,0,0,3,70,61,64,57,53,50,44,51,52,64,0,0,0,0,0,0,0,0,0,0,0,0,0,0,0,0,0,0,0,0,0,0,0,0,0,0,0
,Return,"1,138",689,60.54%,0,211,193,129,172,204,176,191,183,163,113,147,129,117,107,77,56,185,263,236,290,291,297,287,187,258,279,223,266,248,256,156,214,223,235,229,213,204,106,146,150,162,141,124,94,51,38,23,153,245,268,220,149,231,268,260,244,261,257,136,204,222,221,204,194,186,100,157,179,167,169,130,123,78,99,81,79,59,0,0,0,0,0,0,0,0,0,0,0,0,0
G,active_1h,,,,0,0,0,0,0,0,0,0,0,0,0,0,0,0,0,0,0,0,0,0,0,0,0,0,0,0,0,0,0,0,0,0,0,0,0,0,0,0,0,0,0,0,0,0,0,0,0,0,0,0,0,0,0,0,0,0,0,0,0,0,0,0,0,0,0,0,0,0,0,0,0,0,0,0,0,0,0,0,0,0,0,0,0,0,0,0,0,0,0,0,0
J,,BIKE,,,0,0,0,0,0,0,0,0,0,0,0,0,0,0,0,0,0,0,0,0,0,0,0,0,0,0,0,0,0,0,0,0,0,0,0,0,0,0,0,0,0,0,0,0,0,0,0,0,0,0,0,0,0,0,0,0,0,0,0,0,0,0,0,0,0,0,0,0,0,0,0,0,0,0,0,0,0,0,0,0,0,0,0,0,0,0,0,0,0,0,0
K,,ECO,,,0,0,0,0,0,0,0,0,0,0,0,0,0,0,0,0,0,0,0,0,0,0,0,0,0,0,0,0,0,0,0,0,0,0,0,0,0,0,0,0,0,0,0,0,0,0,0,0,0,0,0,0,0,0,0,0,0,0,0,0,0,0,0,0,0,0,0,0,0,0,0,0,0,0,0,0,0,0,0,0,0,0,0,0,0,0,0,0,0,0,0
L,,AIBOT,,,0,0,0,0,0,0,0,0,0,0,0,0,0,0,0,0,0,0,0,0,0,0,0,0,0,0,0,0,0,0,0,0,0,0,0,0,0,0,0,0,0,0,0,0,0,0,0,0,0,0,0,0,0,0,0,0,0,0,0,0,0,0,0,0,0,0,0,0,0,0,0,0,0,0,0,0,0,0,0,0,0,0,0,0,0,0,0,0,0,0,0
N,,AIFOOD,,,0,0,0,0,0,0,0,0,0,0,0,0,0,0,0,0,0,0,0,0,0,0,0,0,0,0,0,0,0,0,0,0,0,0,0,0,0,0,0,0,0,0,0,0,0,0,0,0,0,0,0,0,0,0,0,0,0,0,0,0,0,0,0,0,0,0,0,0,0,0,0,0,0,0,0,0,0,0,0,0,0,0,0,0,0,0,0,0,0,0,0
H,active_2h,,,,0,0,0,0,0,0,0,0,0,0,0,0,0,0,0,0,0,0,0,0,0,0,0,0,0,0,0,0,0,0,0,0,0,0,0,0,0,0,0,0,0,0,0,0,0,0,0,0,0,0,0,0,0,0,0,0,0,0,0,0,0,0,0,0,0,0,0,0,0,0,0,0,0,0,0,0,0,0,0,0,0,0,0,0,0,0,0,0,0,0,0
M,,POOL,,,0,0,0,0,0,0,0,0,0,0,0,0,0,0,0,0,0,0,0,0,0,0,0,0,0,0,0,0,0,0,0,0,0,0,0,0,0,0,0,0,0,0,0,0,0,0,0,0,0,0,0,0,0,0,0,0,0,0,0,0,0,0,0,0,0,0,0,0,0,0,0,0,0,0,0,0,0,0,0,0,0,0,0,0,0,0,0,0,0,0,0
P,,2H,,,0,0,0,0,0,0,0,0,0,0,0,0,0,0,0,0,0,0,0,0,0,0,0,0,0,0,0,0,0,0,0,0,0,0,0,0,0,0,0,0,0,0,0,0,0,0,0,0,0,0,0,0,0,0,0,0,0,0,0,0,0,0,0,0,0,0,0,0,0,0,0,0,0,0,0,0,0,0,0,0,0,0,0,0,0,0,0,0,0,0,0
Q,,2H_BULKY,,,0,0,0,0,0,0,0,0,0,0,0,0,0,0,0,0,0,0,0,0,0,0,0,0,0,0,0,0,0,0,0,0,0,0,0,0,0,0,0,0,0,0,0,0,0,0,0,0,0,0,0,0,0,0,0,0,0,0,0,0,0,0,0,0,0,0,0,0,0,0,0,0,0,0,0,0,0,0,0,0,0,0,0,0,0,0,0,0,0,0,0
O,,TMDT,,,0,0,0,0,0,0,0,0,0,0,0,0,0,0,0,0,0,0,0,0,0,0,0,0,0,0,0,0,0,0,0,0,0,0,0,0,0,0,0,0,0,0,0,0,0,0,0,0,0,0,0,0,0,0,0,0,0,0,0,0,0,0,0,0,0,0,0,0,0,0,0,0,0,0,0,0,0,0,0,0,0,0,0,0,0,0,0,0,0,0,0
I,active_4h,,,,0,0,0,0,0,0,0,0,0,0,0,0,0,0,0,0,0,0,0,0,0,0,0,0,0,0,0,0,0,0,0,0,0,0,0,0,0,0,0,0,0,0,0,0,0,0,0,0,0,0,0,0,0,0,0,0,0,0,0,0,0,0,0,0,0,0,0,0,0,0,0,0,0,0,0,0,0,0,0,0,0,0,0,0,0,0,0,0,0,0,0
R,,INDAY,,,0,0,0,0,0,0,0,0,0,0,0,0,0,0,0,0,0,0,0,0,0,0,0,0,0,0,0,0,0,0,0,0,0,0,0,0,0,0,0,0,0,0,0,0,0,0,0,0,0,0,0,0,0,0,0,0,0,0,0,0,0,0,0,0,0,0,0,0,0,0,0,0,0,0,0,0,0,0,0,0,0,0,0,0,0,0,0,0,0,0,0
,NIM,"1,628","1,147",70.45%,0,546,494,296,420,460,394,410,401,324,186,255,260,219,176,102,68,428,575,526,618,630,627,546,342,523,609,519,511,456,414,260,389,401,396,391,329,292,179,260,239,220,183,128,69,3,2,5,333,527,548,518,401,593,607,636,600,577,559,356,483,529,520,482,463,415,266,349,388,363,360,313,251,118,185,192,134,108,0,0,0,0,0,0,0,0,0,0,0,0,0
,NID,,,,0,76,98,7,39,89,81,80,105,116,5,53,83,83,90,61,67,3,14,50,67,79,99,65,4,15,100,72,79,69,66,3,54,58,60,79,85,57,3,50,67,69,88,73,68,1,1,5,6,33,41,1,2,25,47,62,51,67,62,3,31,61,84,60,72,76,8,38,73,79,69,89,88,6,42,89,68,108,0,0,0,0,0,0,0,0,0,0,0,0,0
,NIM,,,,0,470,396,289,381,371,313,330,296,208,181,202,177,136,86,41,1,425,561,476,551,551,528,481,338,508,509,447,432,387,348,257,335,343,336,312,244,235,176,210,172,151,95,55,1,2,1,0,327,494,507,517,399,568,560,574,549,510,497,353,452,468,436,422,391,339,258,311,315,284,291,224,163,112,143,103,66,0,0,0,0,0,0,0,0,0,0,0,0,0,0
G,active_1h,,,,0,312,313,212,271,319,304,306,337,337,245,352,352,338,353,314,322,257,348,269,371,370,399,393,314,390,409,363,433,408,405,291,380,454,502,485,457,463,336,456,503,508,477,493,546,350,341,286,324,522,541,490,388,579,596,629,579,573,551,352,486,516,508,473,0,0,0,0,0,0,0,0,0,0,0,0,0,0,0,0,0,0,0,0,0,0,0,0,0,0,0
J,,BIKE,,,0,290,291,196,244,297,284,284,317,317,226,319,338,323,329,289,306,237,325,243,344,358,383,367,298,368,392,344,406,385,377,274,359,419,472,464,429,441,311,429,475,478,442,451,512,332,320,262,311,498,511,455,358,539,556,583,546,523,527,331,454,483,464,435,0,0,0,0,0,0,0,0,0,0,0,0,0,0,0,0,0,0,0,0,0,0,0,0,0,0,0
K,,ECO,,,0,220,219,162,210,226,200,194,221,213,170,232,235,225,221,183,208,163,209,170,233,212,241,245,210,234,230,208,277,250,264,196,249,294,292,264,250,276,221,267,298,296,322,345,322,259,217,195,200,317,342,290,246,366,356,387,359,348,348,218,310,314,342,316,0,0,0,0,0,0,0,0,0,0,0,0,0,0,0,0,0,0,0,0,0,0,0,0,0,0,0
L,,AIBOT,,,0,0,0,0,0,0,0,0,0,0,0,0,0,0,0,0,0,0,0,0,0,0,0,0,0,0,0,0,0,0,0,0,0,0,0,0,0,0,0,0,0,0,0,0,0,0,0,0,0,0,0,0,0,0,0,0,0,0,0,0,0,0,0,0,0,0,0,0,0,0,0,0,0,0,0,0,0,0,0,0,0,0,0,0,0,0,0,0,0,0,0
N,,AIFOOD,,,0,0,0,0,0,0,0,0,0,0,1,0,0,0,0,0,0,0,0,0,0,0,0,0,0,0,0,0,0,0,0,0,0,0,0,0,0,0,0,1,0,0,0,0,0,0,0,0,0,0,1,0,0,0,0,3,1,0,2,1,2,0,1,0,0,0,0,0,0,0,0,0,0,0,0,0,0,0,0,0,0,0,0,0,0,0,0,0,0,0,0
H,active_2h,,,,0,207,199,143,175,187,177,215,234,235,163,279,214,218,199,214,276,175,262,198,241,250,257,287,168,248,275,252,302,247,275,182,261,299,323,319,293,321,224,303,322,346,332,361,381,237,235,199,197,300,327,344,250,384,382,406,357,332,359,221,303,307,303,297,0,0,0,0,0,0,0,0,0,0,0,0,0,0,0,0,0,0,0,0,0,0,0,0,0,0,0
M,,POOL,,,0,0,0,0,0,0,0,0,0,0,0,0,0,0,0,0,0,0,0,0,0,0,0,0,0,0,0,0,0,0,0,0,0,0,0,0,0,0,0,0,0,0,0,0,0,0,0,0,0,0,0,0,0,0,0,0,0,0,0,0,0,0,1,0,0,0,0,0,0,0,0,0,0,0,0,0,0,0,0,0,0,0,0,0,0,0,0,0,0,0,0
P,,2H,,,0,155,152,120,139,148,140,177,184,172,118,230,183,167,156,176,232,156,231,173,209,208,208,244,149,227,240,213,258,208,231,147,222,246,272,267,256,269,196,267,289,302,262,291,328,212,189,177,172,253,292,317,220,343,358,370,327,302,318,209,280,286,278,277,0,0,0,0,0,0,0,0,0,0,0,0,0,0,0,0,0,0,0,0,0,0,0,0,0,0,0
Q,,2H_BULKY,,,0,85,86,41,64,64,64,78,92,107,61,117,67,82,79,78,86,49,61,52,68,86,90,94,38,57,85,77,99,80,98,60,98,98,90,102,83,124,68,71,77,86,133,144,109,67,105,59,41,85,86,93,62,92,71,76,77,65,97,38,59,63,65,57,0,0,0,0,0,0,0,0,0,0,0,0,0,0,0,0,0,0,0,0,0,0,0,0,0,0,0
O,,TMDT,,,0,1,2,0,0,0,0,0,0,1,1,2,0,0,0,0,0,0,0,0,0,0,1,1,0,0,0,0,0,0,0,1,1,3,0,0,0,0,0,0,0,1,1,1,0,0,0,0,0,0,0,0,0,2,0,0,0,0,0,0,0,0,1,2,0,0,0,0,0,0,0,0,0,0,0,0,0,0,0,0,0,0,0,0,0,0,0,0,0,0,0
I,active_4h,,,,0,46,42,42,62,56,46,46,59,56,43,60,65,60,64,57,51,48,60,35,69,67,68,55,52,73,80,72,71,74,62,64,86,83,78,82,79,71,68,93,84,90,86,101,118,86,72,61,78,116,125,94,71,108,124,107,107,96,92,50,82,68,64,80,0,0,0,0,0,0,0,0,0,0,0,0,0,0,0,0,0,0,0,0,0,0,0,0,0,0,0
R,,INDAY,,,0,37,21,21,37,38,32,21,40,39,31,32,43,40,46,41,38,33,45,39,49,41,44,32,22,41,54,55,45,48,41,38,49,51,41,53,46,47,43,53,46,50,56,75,69,0,0,0,0,0,1,0,1,4,81,65,63,61,41,37,45,34,42,55,0,0,0,0,0,0,0,0,0,0,0,0,0,0,0,0,0,0,0,0,0,0,0,0,0,0,0
,Total,,,,0,"6,912","6,833","4,395","6,389","6,880","6,798","7,018","7,191","7,072","4,828","6,880","7,053","7,076","7,118","6,678","6,833","4,478","6,566","5,642","6,907","7,016","7,203","7,023","4,550","6,602","7,189","6,677","7,286","6,956","6,819","4,509","6,488","7,035","7,206","7,285","7,184","7,115","4,490","6,555","7,038","7,245","7,175","7,226","6,933","4,068","4,329","3,250","3,662","6,503","6,830","6,010","4,357","6,542","7,086","7,159","7,218","7,182","7,095","4,364","6,403","6,988","7,127","7,220","7,218","7,058","4,396","6,397","7,074","7,109","7,133","7,083","6,923","4,497","6,697","6,953","7,018","7,067",0,0,0,0,0,0,0,0,0,0,0,0,0
G,active_1h,,,,0,"6,495","6,446","4,287","6,100","6,607","6,525","6,708","6,869","6,703","4,548","6,390","6,821","6,781","6,826","6,238","6,347","4,301","6,151","5,379","6,708","6,805","6,802","6,613","4,513","6,337","6,850","6,380","7,029","6,667","6,521","4,354","6,167","6,716","6,984","6,994","6,928","6,787","4,373","6,292","6,760","6,831","6,718","6,671","6,620","3,970","4,080","3,090","3,542","6,320","6,602","5,639","4,107","6,186","6,839","6,922","6,915","6,939","6,747","4,263","6,149","6,691","6,707","6,830",0,0,0,0,0,0,0,0,0,0,0,0,0,0,0,0,0,0,0,0,0,0,0,0,0,0,0
J,,BIKE,,,0,"6,053","6,017","4,002","5,738","6,227","6,170","6,327","6,526","6,368","4,247","5,959","6,525","6,450","6,531","5,902","6,041","4,026","5,806","5,020","6,431","6,511","6,458","6,270","4,313","6,032","6,588","6,037","6,685","6,360","6,205","4,118","5,849","6,350","6,696","6,696","6,652","6,502","4,155","6,031","6,463","6,521","6,301","6,230","6,305","3,759","3,862","2,917","3,378","6,088","6,367","5,383","3,905","5,874","6,526","6,608","6,603","6,620","6,494","4,076","5,865","6,383","6,385","6,489",0,0,0,0,0,0,0,0,0,0,0,0,0,0,0,0,0,0,0,0,0,0,0,0,0,0,0
K,,ECO,,,0,"4,215","4,254","2,930","3,824","4,185","3,973","4,049","3,872","3,943","3,002","4,008","3,888","3,861","3,927","3,230","3,609","2,641","3,361","2,999","3,698","3,818","3,844","3,899","2,610","3,413","3,422","3,610","4,039","3,786","3,665","2,620","3,536","4,017","3,694","3,643","3,515","3,658","2,462","3,326","3,521","3,572","4,044","4,312","3,777","2,433","2,332","1,850","2,098","3,372","3,492","2,988","2,336","3,544","3,588","3,722","3,861","3,680","3,690","2,388","3,288","3,588","3,785","3,917",0,0,0,0,0,0,0,0,0,0,0,0,0,0,0,0,0,0,0,0,0,0,0,0,0,0,0
L,,AIBOT,,,0,0,0,0,0,0,0,0,0,0,0,0,0,0,0,0,0,0,0,0,0,0,0,0,0,0,0,0,0,0,0,0,0,0,0,0,0,0,0,0,0,0,0,0,0,0,0,0,0,0,0,0,0,0,0,0,0,0,0,0,0,0,0,0,0,0,0,0,0,0,0,0,0,0,0,0,0,0,0,0,0,0,0,0,0,0,0,0,0,0,0
N,,AIFOOD,,,0,1,1,1,1,5,1,1,1,0,1,0,1,2,1,1,2,0,1,0,2,1,2,1,1,0,0,2,0,0,2,0,1,0,2,3,0,1,2,2,0,1,1,0,2,1,0,0,0,1,3,1,6,1,5,12,11,6,10,7,6,11,11,8,0,0,0,0,0,0,0,0,0,0,0,0,0,0,0,0,0,0,0,0,0,0,0,0,0,0,0
H,active_2h,,,,0,"3,700","3,908","2,160","3,388","3,643","3,660","4,344","4,248","4,304","3,016","4,857","3,995","3,916","3,919","4,069","4,584","2,674","4,106","3,505","3,894","3,967","4,345","4,515","2,419","3,921","4,193","3,917","4,450","3,927","3,973","2,507","3,901","4,096","4,175","4,180","4,140","4,354","2,464","3,767","4,200","4,534","4,569","4,705","4,317","2,232","2,609","1,844","1,757","3,554","4,041","3,844","2,494","4,246","4,179","4,337","4,301","4,204","4,596","2,520","3,894","4,182","4,626","4,816",0,0,0,0,0,0,0,0,0,0,0,0,0,0,0,0,0,0,0,0,0,0,0,0,0,0,0
M,,POOL,,,0,0,0,0,0,0,0,0,0,0,0,0,0,0,0,0,0,0,0,0,0,0,0,0,0,0,0,0,0,0,0,0,0,0,0,0,0,0,0,0,0,0,0,0,0,0,0,0,0,0,0,0,0,0,0,0,0,0,0,0,0,0,1,2,0,0,0,0,0,0,0,0,0,0,0,0,0,0,0,0,0,0,0,0,0,0,0,0,0,0,0
P,,2H,,,0,"2,816","2,978","1,875","2,824","3,024","3,052","3,648","3,612","3,279","2,368","4,000","3,340","3,264","3,180","3,421","3,961","2,473","3,687","3,127","3,318","3,350","3,534","3,745","2,173","3,455","3,674","3,347","3,868","3,351","3,314","2,086","3,138","3,352","3,574","3,542","3,505","3,574","2,128","3,260","3,663","3,781","3,552","3,690","3,710","1,924","2,165","1,610","1,606","3,128","3,566","3,413","2,217","3,621","3,741","3,843","3,777","3,630","3,941","2,311","3,495","3,743","3,996","4,188",0,0,0,0,0,0,0,0,0,0,0,0,0,0,0,0,0,0,0,0,0,0,0,0,0,0,0
Q,,2H_BULKY,,,0,"1,347","1,422",534,980,"1,084","1,153","1,362","1,324","1,663",978,"1,707","1,248","1,276","1,299","1,258","1,371",458,963,765,"1,111","1,224","1,398","1,464",512,990,"1,115","1,096","1,316","1,114","1,295",655,"1,282","1,250","1,200","1,233","1,287","1,526",636,992,"1,091","1,318","1,687","1,829","1,297",611,889,509,288,882,"1,063","1,075",588,"1,185",943,"1,048","1,106","1,163","1,404",465,927,"1,036","1,216","1,249",0,0,0,0,0,0,0,0,0,0,0,0,0,0,0,0,0,0,0,0,0,0,0,0,0,0,0
O,,TMDT,,,0,88,102,0,1,0,1,0,1,102,107,123,1,0,0,0,0,0,0,0,0,3,100,121,0,0,0,0,0,0,1,86,108,119,0,1,1,0,0,0,0,101,104,110,0,0,1,0,0,0,1,0,0,117,0,2,0,0,0,1,0,0,108,124,0,0,0,0,0,0,0,0,0,0,0,0,0,0,0,0,0,0,0,0,0,0,0,0,0,0,0
I,active_4h,,,,0,890,893,625,904,932,986,919,968,939,622,879,"1,020","1,013","1,014",963,853,564,948,553,"1,012",987,"1,001",987,634,925,"1,043",799,985,"1,024",942,676,959,958,"1,055","1,078","1,062",992,658,963,"1,045","1,042",997,"1,020","1,156",688,640,466,571,"1,145","1,161",901,727,"1,019","1,229","1,089","1,074","1,041",985,569,856,960,946,917,0,0,0,0,0,0,0,0,0,0,0,0,0,0,0,0,0,0,0,0,0,0,0,0,0,0,0
R,,INDAY,,,0,629,613,383,606,627,681,630,635,617,417,563,658,657,689,671,568,370,648,490,629,635,578,602,360,572,693,654,638,677,625,417,608,661,684,682,702,648,398,624,677,675,670,726,684,1,1,2,1,1,3,1,3,46,799,714,696,697,611,400,558,661,635,607,0,0,0,0,0,0,0,0,0,0,0,0,0,0,0,0,0,0,0,0,0,0,0,0,0,0,0
,,,,,,,,,,,,,,,,,,,,,,,,,,,,,,,,,,,,,,,,,,,,,,,,,,,,,,,,,,,,,,,,,,,,,,,,,,,,,,,,,,,,,,,,,,,,,,,
,% Actual FR,,,,,76.84%,75.77%,74.85%,76.95%,77.93%,77.36%,80.65%,81.24%,79.01%,73.54%,77.26%,82.38%,83.56%,81.42%,75.34%,75.90%,72.37%,74.14%,65.20%,82.82%,83.62%,81.92%,79.29%,78.82%,79.74%,81.91%,78.26%,82.63%,81.51%,78.74%,76.42%,79.01%,80.67%,83.63%,83.29%,82.74%,79.85%,72.84%,79.45%,80.13%,80.73%,76.71%,75.54%,81.27%,74.77%,72.81%,74.62%,76.77%,78.91%,83.42%,80.73%,77.91%,79.33%,80.21%,82.59%,82.66%,81.57%,77.09%,72.29%,76.49%,80.05%,80.07%,79.35%,80.62%,78.61%,71.98%,75.83%,78.73%,81.36%,81.19%,79.87%,77.82%,72.11%,75.33%,80.20%,80.72%,81.76%,,,,,,,,,,,,,
,SME+MP+KA,,,,,77.41%,75.40%,74.57%,76.89%,77.56%,76.79%,80.15%,81.37%,79.11%,73.29%,76.65%,82.21%,82.99%,80.80%,74.33%,75.08%,71.25%,73.29%,63.77%,82.36%,83.00%,82.13%,78.58%,76.98%,78.81%,81.30%,77.61%,81.98%,81.57%,78.36%,75.46%,78.03%,80.30%,82.81%,82.58%,82.69%,80.34%,72.97%,79.98%,80.65%,80.54%,76.42%,75.17%,81.32%,74.85%,72.83%,74.88%,77.64%,78.47%,82.65%,80.57%,78.49%,78.72%,79.59%,82.18%,82.50%,80.90%,76.56%,71.33%,76.05%,78.81%,79.60%,78.94%,80.07%,78.78%,72.41%,76.68%,78.90%,80.95%,80.66%,79.82%,77.82%,71.80%,75.35%,79.58%,80.19%,81.02%,,,,,,,,,,,,,
,GHN,,,,,66.27%,70.41%,65.64%,65.84%,72.26%,77.64%,72.49%,74.48%,71.84%,74.20%,75.35%,70.22%,79.64%,75.81%,78.95%,73.37%,59.15%,73.47%,68.25%,70.48%,82.27%,77.69%,76.73%,64.44%,68.54%,70.38%,70.06%,82.13%,68.96%,72.21%,68.33%,81.36%,70.39%,75.33%,75.18%,73.49%,66.80%,61.19%,68.89%,75.69%,72.16%,68.12%,66.20%,59.21%,62.62%,51.52%,70.38%,62.46%,64.75%,74.72%,62.83%,64.52%,68.83%,68.72%,71.42%,70.71%,73.38%,70.54%,73.61%,66.18%,78.30%,66.98%,73.31%,77.91%,72.32%,60.32%,66.47%,66.56%,79.33%,80.30%,77.37%,82.43%,83.59%,67.61%,74.32%,69.37%,80.06%,,,,,,,,,,,,,
,KA,,,,,74.72%,71.40%,73.96%,74.75%,74.04%,72.81%,79.04%,80.04%,78.15%,73.97%,73.86%,81.26%,82.50%,79.02%,69.86%,70.24%,68.88%,68.49%,62.01%,82.09%,82.60%,81.37%,77.09%,77.07%,77.16%,79.62%,74.99%,80.31%,80.84%,77.28%,75.69%,77.03%,79.70%,82.00%,81.90%,81.63%,78.38%,72.31%,78.31%,78.93%,79.16%,73.13%,69.61%,79.31%,73.34%,69.53%,73.70%,76.76%,77.64%,80.96%,77.97%,77.39%,75.13%,76.45%,79.42%,79.95%,76.80%,69.89%,67.53%,70.39%,73.97%,75.80%,74.85%,75.73%,74.20%,69.11%,72.43%,75.45%,78.21%,78.07%,76.61%,72.72%,68.89%,69.13%,75.45%,76.19%,77.93%,,,,,,,,,,,,,
,MP,,,,,71.20%,73.29%,52.49%,68.63%,71.72%,70.44%,73.43%,70.51%,72.23%,54.07%,76.51%,72.00%,73.21%,72.57%,72.47%,74.63%,64.08%,75.52%,71.23%,74.41%,73.82%,74.93%,75.16%,64.29%,73.07%,70.84%,74.34%,77.32%,73.14%,75.63%,62.29%,73.38%,76.59%,73.76%,73.89%,74.05%,75.28%,64.24%,73.92%,73.04%,72.92%,72.92%,76.50%,73.43%,60.09%,69.13%,65.34%,57.57%,75.95%,76.52%,74.76%,64.58%,76.52%,75.85%,76.09%,76.37%,75.56%,76.38%,65.97%,76.29%,75.46%,75.34%,75.94%,75.05%,74.77%,64.36%,71.82%,73.76%,72.46%,73.07%,70.78%,75.91%,65.93%,79.43%,74.69%,76.43%,74.81%,,,,,,,,,,,,,
,SME,,,,,81.73%,80.68%,78.34%,80.57%,82.06%,82.10%,82.89%,84.81%,82.22%,79.11%,80.23%,84.83%,85.25%,83.98%,79.36%,80.83%,76.21%,78.16%,64.49%,83.90%,85.03%,84.49%,81.03%,78.18%,81.39%,84.21%,80.72%,84.51%,83.42%,79.86%,77.28%,79.79%,81.51%,84.91%,84.58%,85.11%,83.33%,75.18%,82.28%,83.09%,83.22%,81.08%,80.95%,84.37%,79.24%,78.18%,79.12%,80.72%,79.30%,84.91%,84.87%,82.15%,82.61%,82.36%,85.26%,85.64%,85.29%,83.49%,77.46%,81.52%,83.55%,84.14%,83.99%,84.93%,83.98%,78.16%,81.94%,83.14%,84.89%,84.45%,84.41%,83.59%,77.89%,81.41%,84.10%,84.85%,85.07%,,,,,,,,,,,,,
,WH,,,,,78.79%,86.66%,91.14%,92.14%,90.77%,85.26%,90.20%,84.10%,82.29%,74.89%,82.80%,89.45%,91.59%,91.54%,87.77%,86.90%,80.72%,80.63%,78.33%,90.87%,88.00%,81.59%,84.95%,92.82%,89.63%,89.27%,84.46%,87.44%,86.08%,83.43%,83.46%,85.30%,85.67%,93.34%,91.55%,86.63%,83.50%,75.73%,80.34%,78.45%,86.96%,84.74%,81.84%,94.44%,77.33%,86.64%,,,87.71%,93.06%,95.45%,,87.14%,92.47%,92.22%,94.87%,92.98%,82.76%,77.08%,82.36%,92.63%,93.99%,84.55%,85.78%,79.46%,72.33%,71.70%,80.29%,85.11%,86.00%,80.85%,76.94%,72.31%,76.45%,88.88%,94.38%,91.57%,,,,,,,,,,,,,
